Name,Nb_Clust_A1,Lmax_P_A1,Rat_P_A1,Min_M_A1,DifMax_M_A1,Min_V_A1,Area_Peak_Inflo_A1,Reb_Mag_A1,Max_Peak_A1,Max_Reb_A1,First_Reb_A1,Rat_Peak_A1,First_Flo_A1,Cont_Flo_A1,PCo1,PCo2,PCo3,PCo4,PCo5
adam_F4,2,-0.0814030595300182,0.0848080506843443,9.09056665797556,11.2344211591057,0.899934949271002,16.2691937205213,0.102923976608187,18.4539746243201,0.699978347819039,15,0.0379310344827586,7,0,-202.6184497,-83.68701119,61.10386399,145.1305199,27.76088089
adam_messerich_A8,2,-0.297872407126057,0.346989910600763,8.36154318888504,7.35071143881199,1.49890166428115,49.1702399402172,0.215219976218787,15.0490734362483,3.12901526892292,14,0.207920792079208,5,0,-51.15633087,-54.46923342,56.41315673,-15.07918355,10.13496043
adelaide_d_orleans_E10,2,-0.0247109071240211,0.0250187520685205,9.17256582521232,5.55181564832335,0.415665916340605,5.33063243262175,0.0102040816326531,25.1327412287183,0.384684814725281,20,0.0153061224489796,8,0,-142.1343959,23.75529218,44.71305325,-4.371390824,22.8471221
aennchen_von_tharau_A2,1,0,0,8.87750913950521,27,0.675463731027073,42.5024705494496,0,72.9703432563831,0,32,0,6,0,-64.43591753,-16.16637431,-3.988930189,-85.25679299,40.51227057
aglaia_H10,NA,NA,NA,NA,NA,NA,NA,NA,NA,NA,NA,NA,NA,NA,-165.9628182,31.52568315,-35.76806702,122.7578042,50.90639741
agnes_A3,NA,NA,NA,NA,NA,NA,NA,NA,NA,NA,NA,NA,NA,NA,184.2230589,-154.0270934,-134.4331405,35.41986577,23.86715163
alberic_barbier_H5,NA,NA,NA,NA,NA,NA,NA,NA,NA,NA,NA,NA,NA,NA,-146.410229,25.01381583,-24.02461615,154.8993559,49.99822957
alfred_colomb_C3,2,-0.3136081919448,0.368353499579757,9.21929642674594,12.4240918264654,0.582827528838562,40.1469904084856,0.369047619047619,60.7886034015277,12.4985913535851,16,0.205607476635514,7,0,-99.96367709,-110.0149518,25.00530551,-117.2768667,-5.449221897
anna_maria_de_montravel_C9,NA,NA,NA,NA,NA,NA,NA,NA,NA,NA,NA,NA,NA,NA,-179.2871992,142.1521351,-154.3697378,-44.31089463,60.68137364
antonia_d_ormois_C12,2,-0.239404707608163,0.270492610577607,7.05954853945766,3.88328090843677,0.0997157493444102,5.69358878847636,0.771929824561404,15.7668612603961,17.7377189179456,9,1.125,7,0,137.7437471,67.86946585,59.68022313,13.24699089,9.406964274
ayrshire_queen_G1,2,-0.00960151755249209,0.0096477600028867,8.79595694893597,4.13037365130243,0.524743221633032,24.9346151668956,0.00672645739910314,40.3569279337791,0.337714878106938,13,0.00836820083682008,7,0,-138.9991345,-24.51825903,103.7225535,25.59293428,50.95134169
bacchante_A5,1,0,0,10.7652078343693,27,1.07960478864873,25.1559529276192,0,24.590650614639,0,32,0,8,0,148.6877989,78.89562695,74.49304515,9.388725016,34.83346225
baron_de_wassenaer_D4,NA,NA,NA,NA,NA,NA,NA,NA,NA,NA,NA,NA,NA,NA,34.82704723,9.288689072,0.613487934,-56.29790269,-38.51167619
beau_narcisse_H5,1,0,0,9.12451775701883,27,0.495822250063999,55.1879573663022,0,108.598264568536,0,32,0,8,0,6.382910614,32.53792242,48.93836846,7.853137845,32.04381611
belle_de_baltimore_G5,1,0,0,10.9456454866344,27,0.66068877669168,17.3722942403631,0,48.5634588991968,0,32,0,9,0,-46.37096406,97.72673904,-1.605629001,59.44729833,-148.4746297
belle_helene_A7,2,-0.454988426717528,0.576155141639762,8.92445548856582,2.2502975065931,0.574759434972217,27.893883838418,0,19.4106923617857,0,32,0,7,0,148.3839434,77.26115888,73.29728665,8.605538297,33.03700986
belle_herminie_B10,1,0,0,10.1999339514722,27,1.58306558891279,50.3399498388551,0,38.8719731004177,0,32,0,8,0,144.9301677,85.69525226,77.60357615,9.551957709,31.98649107
belle_isis_F7,1,0,0,9.75760311735445,27,1.31671089518433,40.9972604997194,0,39.3387114023856,0,32,0,8,0,139.8289367,91.20402738,76.06829827,12.34868701,29.30433336
belvedere_G8,1,0,0,12.0304234608812,27,1.22099125000185,94.5345122705214,0,231.256125889249,0,32,0,10,0,-76.35198747,130.8225437,-102.8359617,56.56362305,-57.17162918
bijou_des_amateurs_A8,2,-0.0778642326550512,0.0809758874807443,9.98448465218984,2.00976044053673,0.581583366061927,22.9591276466602,0,34.9685174926055,0,32,0,8,0,147.3416965,84.02596197,78.47719166,7.591117314,33.41085384
blanche_moreau_A9,NA,NA,NA,NA,NA,NA,NA,NA,NA,NA,NA,NA,NA,NA,153.0315293,61.00501605,61.53649982,1.326440892,31.04170792
blanc_pur_G4,1,0,0,8.59739088876708,27,0.327989827319082,1.24866135809087,0,2.24759044456356,0,32,0,8,0,-89.05312138,-106.0798522,72.57396957,68.46031165,-38.68751025
blush_damask_H1,1,0,0,8.66219788044063,27,1.12509290969889,28.161769505961,0.000661375661375661,43.3888811448558,0.0559135066299688,14,0.00128865979381443,5,0,155.4423176,-13.73957001,-7.349283466,5.475746716,-6.934541869
blush_hip_B3,2,-0.00100103981382517,0.00100154102140857,8.87536314366546,5.31586775884352,0.534432463429068,16.4211849949573,0.000782472613458529,46.9360416848819,0.0642959475135369,14,0.00136986301369863,8,0,44.67255826,24.2437701,51.11986375,-9.067295293,-1.672971374
boula_de_nanteuil_A11,1,0,0,9.08502233528718,27,0.776790938134249,7.12797722339861,0,9.43408750155698,0,32,0,8,0,149.5281974,77.30266169,73.538664,8.709565382,34.21592363
bouquet_de_venus_D6,2,-0.298971334700433,0.348470968594614,9.78121089836491,2.53245184302075,0.624411853612351,28.7485074990248,0,31.7318431828859,0,32,0,8,0,143.2546063,87.19330098,76.5833296,9.975063417,31.16188248
camaieu_G12,1,0,0,9.55817323176818,27,0.832181102409331,45.1173548134589,0,70.5255493663015,0,32,0,8,0,145.3760012,84.79419795,75.80717684,10.76519152,32.21629891
capitaine_basroger_C1,1,0,0,8.28062732069753,27,0.726361933412721,11.8033177362549,0,15.0224043915972,0,32,0,6,0,-9.640970301,-39.01887761,78.15585593,-36.95684111,30.07748965
caroline_banks_A12,1,0,0,9.62275125783284,27,0.784732611470801,9.67675367203996,0,11.90985067328,0,32,0,8,0,-93.76707186,25.50878757,-53.00311352,-85.27165886,17.75708288
celine_F12,1,0,0,9.13646577645602,27,0.639077767446876,16.8550958437593,0,47.8089549258585,0,32,0,7,0,-106.4983078,-32.37000764,-44.68090314,-85.44739918,-67.10719485
champmey_pink_cluster_B1,NA,NA,NA,NA,NA,NA,NA,NA,NA,NA,NA,NA,NA,NA,-176.6956869,56.12798242,-61.08032607,-4.359355682,-170.8127064
charles_lawson_B4,1,0,0,9.28040314672052,27,0.855606853734847,32.514722584882,0.000625782227784731,44.588129280458,0.0610796291513124,15,0.00136986301369863,7,0,-18.34859278,-69.7651774,66.2508711,-75.66277555,10.96595515
charles_quint_B2,2,-0.0523831543055252,0.053779425295904,9.09493944098591,2.06510928905538,0.617258077256512,51.7289552195512,0,78.3825185869132,0,32,0,8,0,148.0193298,74.2478013,64.54379158,12.98458226,30.50093962
chloris_F10,1,0,0,8.78233742025458,27,0.609829390880628,18.3194929635257,0,34.1308831501113,0,32,0,6,0,145.5297694,6.97243187,-14.85161133,20.90616829,19.02514
claire_jacquier_F8,1,0,0,9.16163438279391,27,0.56870067115557,3.68081286151581,0,11.0080384643464,0,32,0,8,0,-128.4170857,-13.84619579,10.09662569,139.3906496,-149.4949561
clementine_B4,1,0,0,9.31233376077377,27,0.668579380040339,28.2998452487225,0,38.3417258208499,0,32,0,7,0,136.9256352,16.62144359,19.79899591,17.60946417,-40.87281866
clotilde_soupert_B11,2,-0.22312770146189,0.24998018784161,9.54784089104057,15.453174588596,0.60809176078256,79.1379272157159,0.253533971728226,183.220979931315,14.2612636094296,15,0.0778364116094987,8,0,-172.2810272,124.8043035,-134.3969251,27.74462787,59.86404483
comtesse_de_murinais_E10,NA,NA,NA,NA,NA,NA,NA,NA,NA,NA,NA,NA,NA,NA,145.3383323,-15.74866689,-1.354935069,5.325632569,-46.95938899
corporal_johann_nagy_D10,1,0,0,9.68077071268413,27,1.07067550891483,27.3240319650938,0,36.2888911756453,0,32,0,8,0,33.51144545,47.12848731,-22.25913585,-56.41449505,15.96692717
cramoisi_eblouissant_B6,1,0,0,9.37922400684609,27,0.682262347184524,47.3402368858415,0,63.2394107833506,0,32,0,8,0,143.4372729,80.04958344,67.66108251,11.34188716,29.60371286
cramoisi_superieur_B7,NA,NA,NA,NA,NA,NA,NA,NA,NA,NA,NA,NA,NA,NA,-234.5598778,-6.030532698,-12.27828338,-16.91877662,39.35017849
creme_H3,1,0,0,11.811160788632,27,1.30102323512496,26.069957413214,0,71.4953608381733,0,32,0,10,0,-34.19196352,103.4083019,-0.632975669,67.51731572,-136.2844795
crimsom_rambler_B8,NA,NA,NA,NA,NA,NA,NA,NA,NA,NA,NA,NA,NA,NA,-189.6426621,162.6410869,-171.3454542,-53.6488993,43.66874085
crimson_globe_B3,1,0,0,9.02928700471125,27,0.748976436598035,12.6167415411547,0,20.156924355691,0,32,0,7,0,39.20578818,0.367278349,32.5575225,-39.38462083,7.415705118
dawson_H1,2,-0.615881948455947,0.85128862091391,7.12267138848341,1.62057744678548,0.319419276543786,27.3861210291748,0,71.4455569202295,0,32,0,5,0,-212.2285951,125.2652491,-146.5194713,-69.40393997,46.75548124
delille_B12,4,-0.791092813373021,1.20580564350927,9.01977411710752,12.0243082868596,0.0865563187795546,7.26867952611525,0.304347826086956,9.54014187802626,6.81438705573305,13,0.714285714285714,9,0,35.32378205,10.26597991,35.04353249,-6.973464124,-44.11799824
desprez_a_fleur_jaune_B10,NA,NA,NA,NA,NA,NA,NA,NA,NA,NA,NA,NA,NA,NA,-182.5912705,-35.91658919,18.01104554,95.2732681,-99.25525959
deuil_de_paul_fontaine_B11,NA,NA,NA,NA,NA,NA,NA,NA,NA,NA,NA,NA,NA,NA,18.18259205,7.14327095,48.61139404,-40.5699511,0.169478179
dona_sol_A1,1,0,0,10.8434512828975,27,1.51684570830727,30.847430840519,0,30.847430840519,0,32,0,8,0,143.2999309,82.06290795,75.49885638,11.17663168,19.70693792
duc_d_anjou_B12,1,0,0,9.19673422382051,27,0.979570130021425,19.4588970693011,0,23.9761410318175,0,32,0,8,0,148.9254874,71.71459386,65.293086,9.896334364,34.49136874
duc_de_cambridge_B6,1,0,0,8.68600903592954,27,0.581158083484727,24.5353261173344,0,43.7734695889155,0,32,0,6,0,35.73675421,13.15933676,3.622305498,-56.17585044,-16.32762971
duchesse_de_montebello_H7,1,0,0,9.25103982933609,27,0.632878334292002,34.8907830548074,0,74.6643794990784,0,32,0,8,0,144.341745,81.36257682,74.20063879,9.407595331,32.30102745
duchesse_de_portland_C2,2,-0.348586305827418,0.417062838426723,8.57524611099145,1.87308768074636,0.396286493998625,8.72681773748459,0,10.4258441996497,0,32,0,8,0,144.4936583,18.7784379,29.21692171,-1.874099926,-33.08820074
duchesse_de_verneuil_A7,2,-0.573042710894861,0.773655570551787,8.95661506022006,2.03008124015407,0.462197761303805,30.9970475154193,0,27.1433605270158,0,32,0,8,0,152.631646,56.26948527,61.47515673,2.116834694,16.27971813
duchesse_du_berry_C1,2,-0.0561175012202092,0.0577219600561074,9.98793751415677,2.71808570728149,1.04480600515323,31.6605792739008,0,28.6995179029604,0,32,0,8,0,149.7515664,76.63357166,74.00350729,7.967917765,32.87946085
enfant_de_france_B10,NA,NA,NA,NA,NA,NA,NA,NA,NA,NA,NA,NA,NA,NA,30.1967535,5.224052935,80.20225513,92.86258191,31.57734821
ernest_morel_C3,2,-0.45295413313951,0.572952038487879,8.90188262064584,5.08353030479242,0.860153497025043,88.2545792917233,0.32,32.8791569910342,8.65240973448268,12,0.263157894736842,7,0,-90.22275987,-117.6097713,72.34954268,-113.3455754,12.65520488
ernst_dorell_F11,1,0,0,9.70516046876746,27,0.833626590800052,89.8248749542826,0,111.315686158298,0,32,0,6,0,-62.78260197,82.16095756,-45.35538558,-64.09866766,-28.31466479
etoile_de_lyon_G11,NA,NA,NA,NA,NA,NA,NA,NA,NA,NA,NA,NA,NA,NA,-203.4675158,-146.360826,113.9790231,179.3525291,44.67653752
eugene_furst_C12,3,-0.526748368820305,0.69341697911985,8.24891401941926,7.56006405301908,0.181846624388162,12.5596048750161,0.692307692307692,6.27980243750805,14.1295554843931,13,2.25,7,0,-135.6887283,-138.7577132,65.41007157,-145.2229325,33.80535492
euphrosine_G10,2,-0.00881337504800914,0.00885232718705306,8.33276232520166,2.9166067785554,0.335859281900433,85.4480601132988,0,331.669848958992,0,32,0,7,0,-201.5502012,151.7333885,-166.6097886,-73.32092059,46.2282974
fatinitza_A3,2,-0.00696967497124252,0.00699401968121887,8.91491487642516,3.77447968168955,0.454174461794759,24.8833423693025,0.00251730648206419,79.673793390669,0.313985392672587,14,0.00394088669950739,7,0,-182.8709506,41.27492377,-56.30808273,67.82808025,59.89973214
francois_arago_C6,3,-0.970735555878306,1.63988552870284,8.12714783058716,12.9091459667786,0.309616280146791,8.43337748606958,0.577777777777778,14.7953990983677,4.4386197295103,11,0.3,7,1,-131.001037,-125.9758325,62.6356776,-81.66550154,31.44962362
francois_foucard_C7,2,-0.208101687317085,0.231338374678618,9.69614745196443,7.79502085515172,0.8489958585219,28.0028382208868,0.123938290864968,71.3645738593237,5.54626851189309,17,0.0777173913043478,8,0,-167.477563,45.6750527,-46.07160698,135.2799271,30.21399301
fulgens_gallique_D1,1,0,0,8.82273647695803,27,1.04305589124267,49.9370367808301,0,70.5768421839622,0,32,0,5,0,-42.7414312,-6.959081845,51.25841157,30.43627268,5.251381528
gaspard_monge_B8,2,-0.0937972099673916,0.0983369915374243,9.65186967142439,2.7558001528886,1.01005357137608,55.2669584668758,0,60.2400464104147,0,32,0,7,0,3.818284363,20.70896753,12.26736437,-40.35864347,-29.23381397
geant_des_batailles_C8,NA,NA,NA,NA,NA,NA,NA,NA,NA,NA,NA,NA,NA,NA,-120.1364757,-77.24791094,55.40352297,-98.95398974,19.91319915
general_jacqueminot_C9,NA,NA,NA,NA,NA,NA,NA,NA,NA,NA,NA,NA,NA,NA,-92.7816724,-104.0111562,50.2488071,-128.4759213,4.643177482
general_kleber_B7,1,0,0,10.4044789971372,27,0.677509972185132,16.8911139884976,0,22.7662840714532,0,32,0,9,0,144.6086766,60.65818547,52.81379598,11.52834414,16.81035695
geschwind_s_orden_D9,1,0,0,9.57587015833425,27,0.802709117249896,23.4700898525495,0,51.447117249248,0,32,0,8,0,33.84811283,-52.96734206,-48.77594931,-21.89081503,-52.07279606
gilda_A6,2,-0.0268775361246857,0.0272419950245987,9.09915290355587,2.46457531249004,0.359884224554769,19.1384765265143,0.0096,41.5543012142733,0.32464297823651,13,0.0078125,7,0,-20.03500639,62.61217061,-37.43510907,-47.46088925,24.66949258
gloire_de_dijon_C11,NA,NA,NA,NA,NA,NA,NA,NA,NA,NA,NA,NA,NA,NA,-104.6557732,-65.12367752,65.58909159,67.65217886,12.87769683
gloire_de_ducher_C12,NA,NA,NA,NA,NA,NA,NA,NA,NA,NA,NA,NA,NA,NA,-135.5488531,-76.89754197,44.30370495,-106.1541808,7.733438587
gloire_des_rosomanes_D1,3,-0.631582812685196,0.880584838333604,10.2834034521097,13.6585135985686,1.64588105542278,8.86958549323402,0.598901098901099,3.15903044964499,4.00953864762633,14,1.26923076923077,8,0,-88.98761968,-52.30979791,-22.5417223,40.06564632,-63.36592416
himmelsauge_A12,1,0,0,9.13628189123166,27,1.14515831812864,49.7823372353108,0,80.7281144356392,0,32,0,5,0,-6.803593876,138.077276,-65.3212506,-24.99976188,42.59611588
hippolyte.D7,1,0,0,9.62930203013,27,0.961952678301641,39.7364997415002,0,73.7623647896112,0,32,0,7,0,5.896730001,78.17488958,2.083093217,-24.2916782,28.91673066
horace_vernet.E7,1,0,0,9.38622216046625,27,1.57090238217233,12.5301734160724,0,20.5485909853594,0,32,0,6,0,129.4446836,21.04858961,26.23487147,4.900595868,-56.97190434
hovyn_de_tronchere_D3,NA,NA,NA,NA,NA,NA,NA,NA,NA,NA,NA,NA,NA,NA,-194.5153023,-115.1143831,92.66111825,177.904015,39.17425129
hume_s_blush_tea_scented_china_C7,3,-0.559798071421858,0.750319025176889,8.60193580014626,13.4201767534838,0.805307113983205,178.914125408748,0.277586206896552,35.4412229329978,8.96705640473439,18,0.253012048192771,7,1,-244.4056917,-86.30331373,49.21404611,76.82778709,49.67779946
hybride_de_rosa_wichurana_H12,NA,NA,NA,NA,NA,NA,NA,NA,NA,NA,NA,NA,NA,NA,-146.3629762,157.7971304,-145.1525705,-14.35047727,62.49987946
imperatrice_josephine_E9,1,0,0,9.96542769745811,27,0.818871310677042,10.7918797553771,0,12.0421585075244,0,32,0,8,0,155.8534354,19.58178278,11.90590703,12.49233483,18.3858585
indigo_D3,2,-0.405807410682499,0.500513541749819,8.72061666943665,8.67629039405547,0.988806722014835,25.5027191665023,0.274671052631579,28.6255011052577,8.3274185033477,13,0.290909090909091,6,1,147.2169453,60.88683468,60.759448,7.046806254,9.912991317
jacques_cartier_blanc_G1,3,-0.684639269336102,0.983056357261141,9.03104403264291,14.530993958666,0.508758016417496,17.9515936372421,0.22140221402214,15.8246275664788,2.80759521340753,18,0.17741935483871,7,0,24.48217792,76.92810952,25.72266486,2.53135576,-44.88642207
janet_s_pride_D2,1,0,0,9.06033629462029,27,0.793956979691264,9.72622067329744,0,23.8226688788535,0,32,0,7,0,119.6509158,94.01847498,61.15376425,23.41182465,21.66487968
jean_bach_sisley_D4,3,-0.75286797962848,1.12308024435081,9.38877211191522,12.3735528968511,1.02463711191382,26.7882175714093,0.520295202952029,8.86071811977386,4.73945387801858,13,0.534883720930233,7,1,-215.6964794,-77.12346978,43.21106084,120.471071,46.55077236
jeanne_d_arc_G2,3,-0.530603762512443,0.699958369975195,8.32706499563216,15.5717219669228,0.575499928039181,81.9490600681303,0.131805929919137,128.228271575094,15.8504391252546,15,0.123611111111111,7,1,-162.9380905,144.3832897,-149.5258647,-13.07501072,71.69168684
jenny_duval_G8,1,0,0,9.95536118826875,27,1.28148061204977,46.2442438608417,0,41.7203504396724,0,32,0,8,0,148.060744,76.93918669,72.49646034,8.893243978,33.74701538
jersey_beauty_F1,NA,NA,NA,NA,NA,NA,NA,NA,NA,NA,NA,NA,NA,NA,-136.9171887,49.77471905,-48.93504916,120.2522664,47.56483611
julie_de_mersan_C7,1,0,0,9.95320215454749,27,1.27701124605199,20.7572079763935,0,19.823492738701,0,32,0,8,0,90.41111067,10.35509557,69.64603422,-42.82850393,4.004817706
la_belle_distinguee_E1,1,0,0,9.53867818468686,27,1.15465243631125,24.9891581825767,0,46.5774250148619,0,32,0,8,0,156.5435163,3.533562297,2.101387199,10.68951143,15.03123261
la_biche_E6,NA,NA,NA,NA,NA,NA,NA,NA,NA,NA,NA,NA,NA,NA,-208.5753525,-85.62655094,40.38642174,38.12791829,36.36777707
la_caille_A2,1,0,0,9.72005095885432,27,1.01562990549421,14.2923227721318,0,18.0207547996444,0,32,0,8,0,32.17870208,-22.04994224,37.20400994,-63.38421049,-3.351252651
la_favorite_A10,3,-0.942142972796873,1.56547327121322,8.36149796063941,14.1364951960442,0.534392545905611,29.7858583717615,0.664893617021277,13.8685478133069,10.2438137257381,11,0.738636363636364,7,0,-111.7238318,-113.5927654,75.56269903,54.13208208,20.47993894
la_france_D7,1,0,0,7.49049523516301,27,0.339062313304449,0.794183436666236,0,0.397091718333118,0,32,0,7,0,-94.34562136,-99.14902461,55.17482259,-7.192509026,5.034087507
lamotte_sanguin_D12,2,-0.188033198498838,0.20687358107572,8.70080465237549,9.01388872776102,0.409042675759781,18.6087415136715,0.166051660516605,32.1124300457162,2.96422431191227,13,0.0923076923076923,8,0,-33.12660536,-49.99774462,65.62698067,-84.96741865,-8.761960917
la_noblesse_B2,1,0,0,9.0688003384706,27,0.644026972403527,18.4618653340172,0,26.0769204516702,0,32,0,8,0,-8.878431065,-42.42177288,46.87313853,-68.98850865,7.901940723
la_reine_D8,NA,NA,NA,NA,NA,NA,NA,NA,NA,NA,NA,NA,NA,NA,-17.16978945,-24.74616432,53.65289481,-91.6015736,6.262725568
la_sirene_A9,1,0,0,9.47602261973987,27,0.878398751768437,21.3207678190466,0,41.2731219685478,0,32,0,7,0,-100.3221991,78.91633458,-51.20541577,-61.29790818,-24.42730283
lea_F1,1,0,0,11.4918115702086,27,0.92126812697724,15.1364409120446,0,5.88639368801733,0,32,0,10,0,127.3220054,14.93564279,14.90443907,13.39650284,-55.08801693
leda_E6,1,0,0,8.89795494741154,27,0.663273347938449,28.8561102996396,0,42.2369678982628,0,32,0,8,0,136.8273362,28.13269842,34.47347126,5.049887776,-45.07361476
leuchtstern_G2,2,-0.432159487945401,0.540580799635209,9.1798583645716,0.837298158984364,0.0903968531620364,12.1707602595219,0,63.1811460276265,0,32,0,8,0,-117.0689884,113.0128176,-103.978127,19.59771956,-108.09685
louis_lille_D9,NA,NA,NA,NA,NA,NA,NA,NA,NA,NA,NA,NA,NA,NA,149.0836631,76.67009345,71.98944202,9.584793699,33.9454973
marguerite_de_roman_E12,2,-0.294842732705598,0.342915145446709,11.3173778682227,6.95150880704718,2.05705598766806,127.965474425047,0.222222222222222,36.561564121442,7.31231282428841,16,0.2,8,0,-28.44259471,-1.565777841,45.66479506,-77.12638577,-44.79501917
marie_dermar_G5,2,-0.122787446698488,0.130644073274439,9.34220767229498,11.8371116917512,1.14158237592011,31.3900334013704,0.1497668997669,37.822946346545,3.29175812913617,15,0.0870307167235495,6,0,-43.28708186,-75.63204311,22.62356339,-27.81279963,-45.60664985
maupertuis_H8,3,-0.684616817733027,0.983011834966731,9.98442332051362,13.2619266190453,0.167925111930294,67.1555179243774,0.0432098765432099,37.6937423188441,3.89935265367353,19,0.103448275862069,8,0,149.7510299,75.53968062,76.19837258,-0.340348671,19.29428871
may_queen_D11,NA,NA,NA,NA,NA,NA,NA,NA,NA,NA,NA,NA,NA,NA,-94.15671289,17.35587869,-44.44924158,-6.833426969,7.949321975
mercedes_B1,2,-0.158326560259717,0.171548713498704,8.0424707705529,2.26612743904551,0.0860813259101493,29.1849697072787,0,22.5656982272774,0,32,0,8,0,151.2319846,71.05606992,64.76838422,12.43803334,33.43240379
minette_D8,1,0,0,9.75759289297646,27,0.896972631839215,10.3102876048503,0,16.1527839142655,0,32,0,8,0,156.7693284,-96.34996829,-83.94353609,22.09986752,-69.45953072
miranda_F10,2,-0.146457469333391,0.157725690925975,8.82735320634635,10.1595840035503,1.34741770335808,12.7774556399768,0.15,13.1532631587996,1.50323007529139,16,0.114285714285714,6,0,52.91025965,13.15035142,20.15879522,-2.531990949,-30.48056713
mle_cecile_brunner_D12,3,-0.817512094466462,1.26485806942582,8.70114229550868,13.5231730958974,0.449160728283745,21.9105949173442,0.577437858508604,20.5225934293676,16.6560178557187,14,0.811594202898551,8,1,-164.4839804,-36.79953984,23.00851818,152.833815,-101.6292943
mme_a_meilland_climbing_E1,NA,NA,NA,NA,NA,NA,NA,NA,NA,NA,NA,NA,NA,NA,-130.5839899,-107.6541907,84.3612405,29.12021003,7.494717925
mme_antoine_mary_E3,NA,NA,NA,NA,NA,NA,NA,NA,NA,NA,NA,NA,NA,NA,-222.1024838,-113.2859429,77.18669538,121.164302,15.31221179
mme_de_la_roche_lambert_B7,2,-0.200550526707292,0.222075358124032,9.38469147798719,8.40015114832145,0.680267085856648,7.17873975185366,0.167420814479638,9.71470759897588,0.702268019203076,16,0.072289156626506,8,0,88.64582917,62.12020295,73.49665823,-10.11007465,0.74373154
mme_d_herbray_E4,1,0,0,8.59432056655338,27,1.13919690887007,31.5696178399886,0,35.0422758023873,0,32,0,7,0,139.8460429,89.73089155,74.80107126,11.8280336,29.56048273
mme_edouard_ory_D9,3,-0.139361775799075,0.149539900501863,8.60370540530715,17.7174648309532,0.786615634878341,11.904074549302,0.0121457489878543,13.611626226456,0.0731807861637418,19,0.0053763440860215,7,0,22.53314172,35.26647454,55.22004546,-50.48515203,-15.7629949
mme_emilie_charon_E5,3,-0.85688524100156,1.35581146914366,8.63557589633946,13.1055012807484,0.856339496444398,14.5821085381588,0.501587301587301,8.91644853288692,6.9659754163179,17,0.78125,7,1,-239.1279353,-138.2075818,103.5478691,137.8086752,67.97833959
mme_ernest_calvat_F1,NA,NA,NA,NA,NA,NA,NA,NA,NA,NA,NA,NA,NA,NA,-131.0335735,-134.6367399,56.69176292,-38.83615967,-8.835935931
mme_e_veyrat_hermanos_G3,NA,NA,NA,NA,NA,NA,NA,NA,NA,NA,NA,NA,NA,NA,-204.8173397,-89.88549128,66.75408893,152.1680249,17.63688781
mme_hardy_B11,1,0,0,9.77360601992663,27,1.11137460867367,28.9451776635953,0,37.1610577864498,0,32,0,8,0,120.1538104,50.55183177,37.82438926,15.41947577,-42.41112539
mme_lambard_E8,3,-0.567820774206503,0.764417793989366,8.00270439603103,12.2865554668402,0.681807117969183,27.1870812050932,0.387218045112782,12.3426012832938,3.66942200314141,11,0.297297297297297,7,1,-234.429062,-155.4211407,119.3654605,126.2964691,45.906431
mme_legras_de_st_germain_E7,1,0,0,9.05609021180333,27,0.962428797936519,46.7392049891216,0,58.3438635666676,0,32,0,7,0,132.1885497,57.22336843,25.72195592,27.83695549,20.6300504
mme_zoetmans_E12,1,0,0,10.2399912715483,27,0.746511105639684,15.8162518350533,0,34.3182822836063,0,32,0,9,0,141.7711279,74.51006426,62.97350443,13.05810294,30.96163317
monsieur_cordeau_H6,3,-0.668233714996795,0.950788627148182,10.2723706055596,12.179642699421,0.844644620358327,21.0614135327304,0.25,17.551177943942,5.2653533831826,20,0.3,9,0,-52.45670091,-66.14639701,60.35093628,-128.0675043,-14.83497347
narrow_water_D3,2,-0.317952143565089,0.374310490053272,9.10940226357718,9.52257999134912,0.460853228482236,56.7757096889197,0.232637896541869,256.960306942179,35.8205036175158,16,0.139400921658986,7,0,-175.2118836,71.48093465,-77.3676938,-17.80246843,-156.6899255
nathalie_H4,3,-0.925017989324615,1.52191362747298,9.82384526591885,8.80728778452055,1.35473794650405,69.8315243138622,0.197984161267099,30.6531556458515,12.4117071940258,20,0.404907975460123,7,1,-125.1074184,-41.93371826,10.67982019,-18.15785582,27.13864627
oeillet_panache_G11,NA,NA,NA,NA,NA,NA,NA,NA,NA,NA,NA,NA,NA,NA,130.6990329,58.11237576,59.73054648,1.157404935,20.77321604
old_blush_G12,4,-1.00460845863675,1.73083782750774,6.29680207386104,17.4861070064362,0.450770263913086,147.036511152454,0.344827586206897,43.8529945542408,15.477527489732,12,0.352941176470588,5,0,-287.9141307,-71.4570681,23.50716184,-68.27613868,51.48969811
olivet_E2,2,-0.00501757199197948,0.00503018108651911,8.91238169788296,16.2199291956201,0.451426505855873,32.6419551119697,0.0150943396226415,50.9014395807343,0.500259848459305,25,0.00982800982800983,7,0,-57.22617009,11.32250789,11.09324075,-52.42032411,4.987759482
panache_superbe_F3,NA,NA,NA,NA,NA,NA,NA,NA,NA,NA,NA,NA,NA,NA,-42.14199393,-22.1768344,32.31482098,-71.83905944,9.815827584
paquerette_A2,3,-0.610162695025692,0.840730852174475,8.69602632575834,14.4651132860498,0.598653363304112,81.5546015336329,0.460969597370584,268.906407190927,80.0627490665543,13,0.297734627831715,7,0,-155.3553591,155.0690659,-160.3999181,-3.427364388,68.0394713
parks_yellow_tea_scented_china_C5,1,0,0,7.8333245800219,27,0.570240403005402,0.255846725127788,0,0.383770087691682,0,32,0,7,0,-134.3726962,-59.27094171,41.32494692,148.4483782,40.63334945
pergolese_A5,2,-0.0232457664808189,0.0235180550693581,10.0491720291888,4.89253685047123,0.0729789746171863,47.7009170259348,0.0227670753064799,48.7267431985356,3.33393506095243,15,0.0684210526315789,8,0,144.0062179,75.44924327,70.61658493,12.99889455,16.6750155
perle_d_angers_F12,1,0,0,9.05951967749047,27,0.765936328122346,4.62015523640081,0,6.93023285460121,0,32,0,7,0,-79.13215315,-86.03935113,41.2031213,-108.1579594,7.715414128
persian_yellow_A1,2,-0.466667091008396,0.594670434913383,7.87062071648368,1.10494797788598,0.102270983136168,66.7588438887831,0.00778210116731518,138.230076757951,1.5707963267949,11,0.0113636363636364,6,0,157.4655765,-119.1574874,-104.8176923,44.17202617,21.25147438
petite_ecossaise_F5,3,-0.380149257796233,0.462502863098627,4.92880356875953,4.43314602682777,0.0790182633253502,38.6607381604043,0,14.9726558193473,0,32,0,5,0,193.6994482,-169.4549715,-145.0804329,26.57770853,19.23743314
petite_lisette_E4,1,0,0,9.32249677346763,27,0.964235597705094,16.8519400092501,0,26.0958393055414,0,32,0,7,0,123.0420736,21.91617284,18.67434689,23.02370739,-63.24612282
pink_roamer_A4,NA,NA,NA,NA,NA,NA,NA,NA,NA,NA,NA,NA,NA,NA,-150.5398043,161.0395323,-151.987952,-32.56024458,61.70831836
pompon_blanc_parfait_G6,2,-0.400803923130421,0.49302449222893,9.00137302420442,7.86162986704867,0.484402518745543,45.2405747696965,0.318398474737846,82.0024963657715,22.3039197291161,13,0.271990740740741,7,1,28.6075611,-34.12779318,-65.78405811,9.386775345,-76.48251705
prince_frederic_D11,NA,NA,NA,NA,NA,NA,NA,NA,NA,NA,NA,NA,NA,NA,6.92280743,86.89237434,11.68827612,-6.2252687,20.41441449
provence_pink_C2,1,0,0,9.92949715712899,27,1.35360245638006,21.9149785414291,0,24.5828889725596,0,32,0,7,0,124.2099419,23.77224888,22.98375957,7.184981898,-56.613759
provins_renoncule_F8,1,0,0,10.3726638483074,27,1.50112137535758,41.4293588759962,0,12.1851055517636,0,32,0,8,0,151.1540785,27.40844842,6.604323437,19.69630984,24.17970982
pucelle_de_lille_H8,1,0,0,9.60027549063507,27,0.793262936438061,32.0944652365657,0,44.1010277711082,0,32,0,8,0,146.8609421,84.84301603,79.04635884,8.367804101,33.73057286
quatre_saisons_blanc_mousseux_F3,2,-0.213129094406645,0.237544400992122,9.39458918110343,10.7372256219342,0.606323254468595,3.1412627692648,0.230769230769231,7.32961312828453,1.30885948719367,16,0.178571428571429,8,0,125.8494053,-42.53741876,-24.12804819,12.65582421,-113.7267674
reine_des_centfeuilles_C3,2,-0.0981345605455097,0.103111210368417,9.72537963412367,2.77715147244256,1.09369705695317,25.3356025901842,0.00601684717208183,25.1208940936572,0.368071708331973,17,0.0146520146520147,7,0,115.2088047,38.18554325,37.04741347,15.40943691,-72.98094407
rene_andre_H11,2,-0.531394924239337,0.701303844148486,10.183012904401,10.3860184077417,0.962324684515873,14.1266949656421,0.418534482758621,19.4778744522567,3.17300858012569,15,0.162903225806452,8,1,-156.4264048,34.96037437,-34.01559015,118.8962932,65.78149364
robert_le_diable_F12,1,0,0,11.5618836545101,27,1.23248264248341,32.7014679024723,0,31.7802997925435,0,32,0,9,0,149.6965249,77.29480885,74.41923745,8.059512732,34.23840057
robusta_bourbon_C11,2,-0.457829133081425,0.580638901087922,8.2734202857586,11.7687341666432,0.91867477243673,11.323924356341,0.407843137254902,12.2613353129918,3.71214738833695,16,0.302752293577982,6,0,-207.3112928,-100.0581677,2.758264083,-112.4195715,-23.3480665
roi_des_pourpres_E11,1,0,0,9.38483305508014,27,0.79750292497038,23.2366320531789,0,33.4607501565777,0,32,0,8,0,139.3521548,-68.0246628,-74.29767298,48.14053364,-61.16685642
rosa_albertii_G7,3,-0.280836429522436,0.324236980143862,6.47686713507049,14.8405255820451,0.919802527669556,12.4424419100756,0.0308880308880309,12.5663706143592,0.520500557991208,20,0.0414201183431953,5,0,201.4786608,-175.3986064,-148.4436032,20.67395437,19.33451125
rosa_arvensis_D8,1,0,0,10.6068633604325,27,0.676365706667613,22.0891644290814,0,55.1095170047924,0,32,0,9,0,49.69419965,146.5766623,41.64129482,51.12638796,6.799807617
rosa_californica_E8,1,0,0,8.12899666526635,27,1.72605406691147,18.3981747852474,0.00476190476190476,35.0357586819544,0.352118177708084,15,0.0100502512562814,5,0,-8.789701142,-9.522325083,-202.9980426,-47.67333577,34.6797104
rosa_calocarpa_H10,1,0,0,9.56792029253986,27,0.785220541158038,5.55960571349912,0,8.24355329932628,0,32,0,8,0,203.6356184,-195.4579018,-166.9013681,12.29931918,21.00986848
rosa_centiflora_rosae_G2,2,-0.399232428525255,0.490680054911794,9.70126746201211,8.78706549719544,1.33445289054492,32.4096592574808,0.288461538461538,10.2192619280345,2.0438523856069,16,0.2,8,0,43.22788531,-25.52307704,45.97007725,-47.58270891,-20.39899256
rosa_chinensis_C8,NA,NA,NA,NA,NA,NA,NA,NA,NA,NA,NA,NA,NA,NA,-169.2829021,177.3671489,-183.408864,-48.61083954,56.17317871
rosa_chinensis_mutabilis_G3,NA,NA,NA,NA,NA,NA,NA,NA,NA,NA,NA,NA,NA,NA,-188.8557738,-62.49523523,39.02981232,47.91543159,-33.32328824
rosa_corymbifera_G6,NA,NA,NA,NA,NA,NA,NA,NA,NA,NA,NA,NA,NA,NA,112.6291102,16.56094319,-44.60988792,43.70142474,8.856692107
rosa_cuspidata_G5,2,-0.0653479744990771,0.0675304331277764,9.54135865481594,1.97014936946999,0.492277219183699,10.8583217271781,0,14.5574650098825,0,32,0,8,0,-123.7473416,-74.72404525,52.2481904,-138.9682804,-11.04074346
rosa_damascena_bifera_yorklancaster_G8,NA,NA,NA,NA,NA,NA,NA,NA,NA,NA,NA,NA,NA,NA,125.8931464,-42.48175497,-24.07740013,12.8336198,-114.3053188
rosa_dupontii_A12,2,-0.142266219680524,0.152883527971018,8.65376574717555,1.4422227269954,0.463074462465693,14.3865939571291,0,31.5495481515988,0,32,0,7,0,59.29443411,58.68232886,22.470764,59.79160808,-140.5606507
rosa_ferruginea_C11,2,-0.240632650024541,0.27205366058744,7.28432887227206,6.9589980555121,0.783822542766964,17.1471606170486,0.188405797101449,21.1277514745777,2.75579367059709,11,0.130434782608696,6,0,205.4350834,-189.9615276,-159.2681551,14.33158278,17.63512606
rosa_fortiniana_de_banks_F3,NA,NA,NA,NA,NA,NA,NA,NA,NA,NA,NA,NA,NA,NA,124.6542127,-81.69930874,-71.99179985,49.77931809,20.35021058
rosa_gallica_C4,NA,NA,NA,NA,NA,NA,NA,NA,NA,NA,NA,NA,NA,NA,181.6864153,-147.7562361,-128.7473697,34.17275682,20.76914129
rosa_holikensis_G10,4,-0.416249484130044,0.516264105517869,4.94039646749124,17.1444734498427,0.0856139026684417,23.2196113283233,0.162337662337662,24.2995932505709,3.23994576674278,11,0.133333333333333,5,0,191.6259443,-166.423231,-143.6985368,25.94752939,18.9093008
rosa_iwara_A10,2,-0.171657470005683,0.187271087597708,8.05597553209995,5.19724707937373,0.798254575081687,29.4443441262049,0.118458884416331,61.4624273997753,6.24227778278968,12,0.1015625,6,0,41.45147734,-3.780686598,-199.3698891,-7.670016239,49.93273106
rosa_majalis_H2,NA,NA,NA,NA,NA,NA,NA,NA,NA,NA,NA,NA,NA,NA,208.3717203,-198.280942,-166.7743145,10.44060945,16.79144187
rosa_majalis_plena_H11,NA,NA,NA,NA,NA,NA,NA,NA,NA,NA,NA,NA,NA,NA,207.6267606,-204.1119262,-171.400083,7.97091592,18.34259385
rosa_manetti_H4,1,0,0,9.73156469278502,27,0.726376350111973,6.20273111124928,0,9.54681223209672,0,32,0,8,0,-84.65738845,-32.4079896,-41.75169203,-28.26061163,-81.58538472
rosa_maximowicziana_B9,1,0,0,10.1514132562471,27,0.526000003141489,34.9734108535667,0,72.7729559175226,0,32,0,9,0,-50.39509965,137.2198969,-85.77435487,37.16413898,18.62764421
rosa_minutifolia_alba_H5,2,-0.127207839949698,0.135653027322604,6.27269861268373,3.07388132761495,0.771166198935093,7.35754799551107,0.113756613756614,9.61971946875775,1.97665468536118,9,0.205479452054795,5,0,188.9359121,-169.3476233,-145.1587526,23.64121148,21.61154261
rosa_multiflora_carnea_D5,1,0,0,9.07279383868794,27,0.4148020808102,22.1239925398398,0,108.755581305392,0,32,0,7,0,-109.8100246,118.1614223,-103.8419039,10.81760595,-78.13000063
rosa_pendulina_oxyodon_H9,2,-0.127207839949698,0.135653027322604,6.27269861268373,3.07388132761495,0.771166198935093,7.35754799551107,0.113756613756614,9.61971946875775,1.97665468536118,9,0.205479452054795,5,0,184.1996114,-161.6471664,-139.5550959,27.80024732,19.59020592
rosa_pendulina_pyrenaica_H7,2,-0.127207839949698,0.135653027322604,6.27269861268373,3.07388132761495,0.771166198935093,7.35754799551107,0.113756613756614,9.61971946875775,1.97665468536118,9,0.205479452054795,5,0,193.9239466,-165.5120062,-144.4224355,28.25063056,21.56039859
rosa_pimpinellifolia_double_white_F6,1,0,0,7.72186203238694,27,1.11656166076435,55.3217735922084,0,19.9277356488063,0,32,0,6,0,177.4723455,-141.5075838,-123.8902059,39.14869371,22.53641594
rosa_polliniana_A11,1,0,0,8.94403385123912,27,0.57098481535672,35.0385570060109,0,63.9899070745369,0,32,0,6,0,121.7465752,91.37529081,43.83679434,34.14384165,20.6020702
rosa_rapini_E5,NA,NA,NA,NA,NA,NA,NA,NA,NA,NA,NA,NA,NA,NA,166.2041935,-125.4018374,-115.9838124,43.70855496,24.12934374
rosa_rubiginosa_gold_bush_H10,NA,NA,NA,NA,NA,NA,NA,NA,NA,NA,NA,NA,NA,NA,-93.60011867,-24.42441022,-48.51421607,6.072496681,-6.577982576
rosa_rubus_B8,NA,NA,NA,NA,NA,NA,NA,NA,NA,NA,NA,NA,NA,NA,-52.76592775,107.3601086,-66.49987733,55.58556896,-22.63824114
rosa_spectabilis_H12,1,0,0,10.0784763829373,27,1.09435372011564,13.4574392522715,0,26.4630699924763,0,32,0,7,0,-97.08990483,100.9511123,-18.72147345,10.45739721,-83.29345613
rosa_subgallicodes_E3,2,-0.00578072458981311,0.00579746522031751,11.0921821483391,11.3297212032351,0.807650416295546,6.8719688074743,0.00344488188976378,25.1802511365231,0.0712648617071409,29,0.00283018867924528,9,0,40.38239119,138.7470482,27.85077503,54.47320537,3.043440469
rosa_villosa_recondita_C5,1,0,0,9.34561107320013,27,0.631140399988201,30.0071932371658,0,57.9227322540465,0,32,0,8,0,69.88534558,100.8015096,-2.522139081,-1.158989921,36.07983553
rosa_wichurana_C9,2,-0.0249292612138493,0.0252425935426465,10.0404563959793,5.04906571247341,1.12892980767749,47.9494365869874,0.0012970168612192,47.6380766091498,0.186815986702548,22,0.00392156862745098,9,0,-93.8449159,168.3867206,-140.6023612,18.95350275,52.67401567
rose_edouard_D7,3,-0.671347226708966,0.956871895636378,9.16401152805487,17.8567105319858,1.10499827192927,87.0306317527755,0.554858934169279,27.5801297808091,13.4836190039511,14,0.488888888888889,7,0,-84.83972123,-92.34726472,2.312909932,-67.04444723,-25.74689038
ruby_queen_H3,NA,NA,NA,NA,NA,NA,NA,NA,NA,NA,NA,NA,NA,NA,-49.62701151,-65.82489039,48.9192334,-115.1480726,-6.29463874
safrano_H7,2,-0.25489299646518,0.290323544305379,9.7995708245579,11.2266914216673,0.924825859537492,14.633217851148,0.25,16.4623700825415,7.31660892557399,17,0.444444444444444,8,0,-93.43549772,-124.0744246,71.80561623,-78.53771193,-5.457095355
salet_C10,2,-0.342139279251864,0.407956382970145,9.10330855749059,18.3538631018593,0.918077140751691,27.3919738419838,0.345991561181435,40.115987497615,7.42234129911819,16,0.185022026431718,7,0,-6.249489551,-42.20323179,38.90214825,-68.88583419,-6.689053018
sidonie_F6,2,-0.555593116496176,0.742974465164347,8.92273736229764,8.4679284431378,0.675042036748466,30.5587338721845,0.362467866323907,44.7291144983991,19.5920914745054,14,0.43801652892562,5,0,26.43414523,48.99975998,17.64275171,-3.002747953,-69.12903414
sir_joseph_paxton_C1,2,-0.238196488199613,0.268958503702561,9.2947500118776,9.05460168935061,1.02923786317402,28.0809943278329,0.21579532814238,35.4895970866653,3.46531419364746,15,0.0976430976430976,7,1,-176.8225814,-111.761923,0.016555347,-120.8191663,-6.179511739
south_orange_perfection_H2,NA,NA,NA,NA,NA,NA,NA,NA,NA,NA,NA,NA,NA,NA,-156.1144439,167.6036713,-159.7485976,-23.73625323,45.21631812
souvenir_de_brod_B12,1,0,0,10.5155015995025,27,2.10924912173047,14.1355418506558,0,19.4500672751271,0,32,0,7,0,-14.11903777,5.347801647,10.60596262,-36.47511217,-35.76859022
souvenir_de_la_reine_dangleterre_E7,NA,NA,NA,NA,NA,NA,NA,NA,NA,NA,NA,NA,NA,NA,-82.27004445,-44.24371668,43.86396612,-96.77084565,13.62910989
souvenir_de_lucie_A3,NA,NA,NA,NA,NA,NA,NA,NA,NA,NA,NA,NA,NA,NA,-14.71831592,-31.69139858,53.15334139,-59.17370158,-14.57064069
souvenir_de_philemon_cochet_F9,3,-0.656837623622642,0.928683457204145,7.31385221270407,9.31722525927661,1.19580276212491,6.77558323204015,0.337243401759531,6.6556614049244,3.23788933212538,12,0.486486486486487,5,0,206.4884895,-201.8493504,-170.453438,13.22429438,22.34151847
stanwell_perpetual_D11,3,-0.623490835239494,0.865428592937644,6.93486237667033,13.294550558888,0.957339594592182,49.9303792410538,0.482638888888889,60.318578948924,23.3734493427081,12,0.3875,5,1,-10.35010506,19.5143752,23.14435439,-55.05267643,-8.618588735
the_garland_D6,1,0,0,10.5551078186822,27,0.833470543719309,19.5017168965027,0,69.3113879198248,0,32,0,9,0,-112.3304807,74.18683276,-65.44298566,51.05376836,-239.8983339
tom_wood_D1,NA,NA,NA,NA,NA,NA,NA,NA,NA,NA,NA,NA,NA,NA,-112.5197299,-71.08705802,49.74902905,-146.2920632,-14.25608954
toussaint_l_ouverture_H2,1,0,0,10.7058091689128,27,1.22986800155405,14.9944085549942,0,16.6242355718414,0,32,0,8,0,148.2921027,74.10007383,70.59767832,5.253179301,19.3697896
triomphe_de_l_exposition_A8,2,-0.138048155483487,0.148030832922904,8.72316313971591,10.2183094573648,0.614388772730355,43.0384647052096,0.12125340599455,72.8651216404478,3.80339920650689,14,0.0521978021978022,7,0,-20.28361073,-31.59465701,59.4106486,-72.78796479,-16.544311
tuscany_superb_C10,NA,NA,NA,NA,NA,NA,NA,NA,NA,NA,NA,NA,NA,NA,151.6113985,69.1130607,69.55662332,6.408049806,33.41737034
una_G12,3,-0.243653276097867,0.275901868113296,8.76909886039626,16.9098336181545,0.338138998575133,15.2351873135317,0.0150753768844221,20.5208645447569,0.233191642554056,23,0.0113636363636364,8,0,-77.21381121,6.143432485,61.44463877,83.97048278,15.22689964
victor_verdier_H6,NA,NA,NA,NA,NA,NA,NA,NA,NA,NA,NA,NA,NA,NA,-24.93654381,-51.64097978,96.88302909,-89.20511268,54.63590532
virago_C8,2,-0.0275168109673632,0.0278988949367824,8.66748589050576,3.27018962435009,0.883474486486179,31.7746616111297,0,34.6363547375979,0,32,0,6,0,65.81067166,-28.63126903,48.31029003,-46.41262852,-6.542313936
vivid_B5,1,0,0,9.37218102321608,27,1.34085817647705,6.89292104344177,0,6.2036289390976,0,32,0,7,0,-17.44467344,-11.66734431,32.42198178,-63.20023331,-24.72850169
william_lobb_D10,NA,NA,NA,NA,NA,NA,NA,NA,NA,NA,NA,NA,NA,NA,-14.18050054,33.50551441,-15.51862532,-65.06735536,-32.29130725
wodan_F5,2,-0.0557756145524734,0.0573604008294541,8.85675181728029,8.84373486079373,0.7756218421409,9.08108072448544,0.0692307692307692,13.9593472293743,0.675452285292306,25,0.0483870967741935,7,0,-78.05939058,-8.966228466,-40.67080443,-69.82808684,4.006962004
