Name,year_obtained_Cristiana,year_obtained,CoderemonteeHarmonise3years,codenumremonteeHarmonise3years,codenumremonteeAvg3years,IDJeremyYear1,coderemonteeYear1,codenumremonteeYear1,IDJeremyYear2,coderemonteeYear2,codenumremonteeYear2,IDJeremyYear3,coderemonteeYear3,codenumremonteeYear3,Nb_Clust_A3,Lmax_P_A3,Rat_P_A3,Min_M_A3,DifMax_M_A3,Min_V_A3,Area_Peak_Inflo_A3,Reb_Mag_A3,Max_Peak_A3,Max_Reb_A3,First_Reb_A3,Rat_Peak_A3,First_Flo_A3,Cont_Flo_A3,PCo1,PCo2,PCo3,PCo4,PCo5
adam_F4,1838,1838,R,2,2,R64,R,2,R91,R,2,R112,R,2,4,-0.4974877343,0.6445844434,3.2299776675,12.9163764423,0.3700371115,5.7874948488,0.0754352031,6.0659726344,0.254262326,12,0.0419161677,2,0,-202.6184496869,-83.6870111851,61.1038639915,145.130519885,27.7608808861
adam_messerich_A8,1920,1920,RF,3,2.66,R66,R,2,RF86,RF,3,RF112,RF,3,5,-0.8417326761,1.3203839695,2.3427118424,23.0296238611,0.645534183,14.1008350233,0.2390243902,3.3444288196,1.4462394896,13,0.4324324324,1,1,-51.1563308714,-54.4692334194,56.4131567276,-15.0791835472,10.1349604312
adelaide_d_orleans_E10,1826,1826,NR,1,1.33,NR42,NR,1,NR59,NR,1,R22,R,2,2,-0.0376640851,0.0383823662,8.1333330557,19.4489724846,2.6707317299,7.6978892523,0.0556464812,15.876062756,1.1206632534,18,0.0705882353,5,0,-142.1343959304,23.7552921767,44.713053249,-4.3713908244,22.8471221005
aennchen_von_tharau_A2,1886,1886,NR,1,1,NR164,NR,1,NR235,NR,1,NR245,NR,1,1,0,0,6.8950250501,29,1.4918376286,13.6135681656,0,14.398966329,0,30,0,3,0,-64.4359175272,-16.1663743105,-3.9889301892,-85.256792985,40.5122705685
aglaia_H10,1895,1895,NA,NA,NA,NA,NA,NA,NA,NA,NA,NA,NA,NA,NA,NA,NA,NA,NA,NA,NA,NA,NA,NA,NA,NA,NA,NA,-165.9628182191,31.5256831544,-35.7680670187,122.7578041964,50.9063974126
agnes_A3,1900,1900,R,2,2.5,NA,NA,NA,RF27,RF,3,R31,R,2,3,-0.4895933896,0.6316526381,3.0470091175,8.0921505322,0.9001003604,21.9485928226,0.2936507937,8.7958780226,2.7127474275,7,0.308411215,1,0,184.2230588859,-154.0270933567,-134.4331405499,35.4198657658,23.8671516272
alberic_barbier_H5,1900,1900,NR,1,1,NA,NA,NA,NR150,NR,1,NR143,NR,1,2,-0.4090419838,0.5053749205,10.0917164181,2.6275526478,0.6359213239,15.3569478885,0,18.0669975159,0,30,0,8,0,-146.4102290436,25.0138158338,-24.0246161501,154.8993558515,49.9982295669
alfred_colomb_C3,1865,1852,NA,NA,2.33,RF47,RF,3,RF71,RF,3,NR193,NR,1,2,-0.6807030914,0.9752660368,10.5407315013,1.9359377252,0.4132962175,88.2564152986,0,22.0641038246,0,30,0,10,0,-99.9636770875,-110.0149518455,25.0053055076,-117.2768666808,-5.4492218966
anna_maria_de_montravel_C9,1879,1879,R,2,2.33,RF7,RF,3,R7,R,2,R9,R,2,3,-0.2221357385,0.2487408686,6.7385681451,19.246843417,0.3701506997,73.180126315,0.0426126441,205.5771516329,16.259283811,12,0.0790909091,5,0,-179.2871992043,142.1521351215,-154.3697378386,-44.3108946263,60.6813736416
antonia_d_ormois_C12,1835,1835,NA,NA,1.66,RF45,RF,3,NR230,NR,1,NR240,NR,1,2,-0.6842337774,0.9822524068,11.2696693008,1.4365144017,0.2302562564,1.9190984902,0,1.9190984902,0,30,0,11,0,137.7437471347,67.8694658472,59.6802231305,13.2469908936,9.4069642742
ayrshire_queen_G1,1835,1835,NR,1,1.33,NR176,NR,1,NR252,NR,1,R101,R,2,2,-0.3715410271,0.4499673328,6.2845070914,2.9786023272,0.334237004,5.8108955025,0.2240566038,10.4384171489,2.596357565,9,0.2487309645,5,0,-138.9991344876,-24.518259028,103.7225535389,25.5929342847,50.9513416935
bacchante_A5,NA,1811,NR,1,1,NR114,NR,1,NR158,NR,1,NR151,NR,1,2,-0.6128691221,0.8457194034,9.6900125603,2.4065195254,0.4244387509,3.319890066,0,2.9879010594,0,30,0,9,0,148.6877988619,78.8956269464,74.4930451463,9.388725016,34.8334622463
baron_de_wassenaer_D4,1854,1854,NR,1,1,NA,NA,NA,NR197,NR,1,NR196,NR,1,1,0,0,9.4150336386,29,0.8945508915,3.4501796307,0,4.4359452395,0,30,0,8,0,34.8270472296,9.288689072,0.613487934,-56.2979026855,-38.5116761856
beau_narcisse_H5,1824,1828,NR,1,1.33,NR1,NR,1,NR1,NR,1,R1,R,2,3,-0.3113136074,0.3652172963,7.0739669641,4.6244274218,0.556230252,69.6680534967,0.0837912088,75.2038958285,17.5475756933,12,0.2333333333,6,0,6.3829106142,32.5379224204,48.9383684646,7.8531378454,32.0438161141
belle_de_baltimore_G5,1843,1843,NR,1,1,NR108,NR,1,NR149,NR,1,NR142,NR,1,1,0,0,9.4138491776,29,1.4003158319,15.6325341195,0,28.4891976943,0,30,0,6,0,-46.370964057,97.7267390444,-1.6056290005,59.4472983256,-148.4746297191
belle_helene_A7,1815,1815,NR,1,1,NR10,NR,1,NR14,NR,1,NR7,NR,1,2,-0.3363455306,0.3998226228,9.2544155051,2.0841553212,0.6482079362,9.0040766043,0,8.5648533553,0,30,0,8,0,148.3839434359,77.2611588841,73.297286646,8.6055382973,33.0370098554
belle_herminie_B10,1819,1819,NR,1,1,NR40,NR,1,NR56,NR,1,NR58,NR,1,2,-0.1804581751,0.197766024,9.1635829275,2.3783869355,0.9758042657,24.4779559082,0,27.3082195601,0,30,0,6,0,144.9301676946,85.6952522638,77.6035761479,9.5519577091,31.9864910745
belle_isis_F7,1845,1845,NR,1,1,NR58,NR,1,NR76,NR,1,NR73,NR,1,2,-0.3373954916,0.4012931539,7.2869916512,1.9531407152,0.5868349354,33.4818264668,0,37.756102186,0,30,0,6,0,139.8289366697,91.2040273786,76.0682982695,12.3486870135,29.3043333632
belvedere_G8,1829,1829,NR,1,1,NR28,NR,1,NR40,NR,1,NR39,NR,1,1,0,0,10.720692567,29,1.0904674551,65.8678882122,0,153.8123763198,0,30,0,8,0,-76.3519874726,130.8225437345,-102.8359617424,56.5636230514,-57.1716291808
bijou_des_amateurs_A8,1837,1837,NR,1,1,NR8,NR,1,NR11,NR,1,NR5,NR,1,2,-0.4195277084,0.5212429157,9.0768829968,2.825944599,0.1239020104,3.5023212149,0,3.2329118906,0,30,0,9,0,147.3416965264,84.0259619689,78.4771916564,7.5911173135,33.4108538361
blanche_moreau_A9,1880,1863,NA,NA,1,NA,NA,NA,NA,NA,NA,NR131,NR,1,2,-0.0900941691,0.094277326,4.9916827531,2.9092098686,0.0962773213,4.4014011232,0,4.5172274685,0,30,0,5,0,153.0315293441,61.0050160537,61.5364998158,1.3264408917,31.0417079172
blanc_pur_G4,1827,1827,NR,1,1,NR142,NR,1,NR205,NR,1,NR207,NR,1,1,0,0,6.7474930064,29,1.221182876,2.0168652366,0,2.2291668404,0,30,0,5,0,-89.0531213765,-106.079852213,72.5739695733,68.4603116493,-38.6875102506
blush_damask_H1,NA,1760,NR,1,1,NR113,NR,1,NR156,NR,1,NR150,NR,1,2,-0.0208505787,0.0210694707,6.8536531401,5.6027674442,0.8005753763,3.1137086951,0.0201096892,7.0290811961,0.1452289503,11,0.020661157,5,0,155.4423176404,-13.7395700057,-7.3492834655,5.4757467161,-6.934541869
blush_hip_B3,NA,1834,NR,1,1,NR188,NR,1,NR264,NR,1,NR269,NR,1,2,-0.3764312876,0.4570754169,9.4703864945,10.7650286407,2.187426346,61.5941680621,0.306402439,85.7677034083,18.5652751459,15,0.2164599775,5,1,44.6725582576,24.2437700997,51.119863752,-9.0672952929,-1.6729713737
boula_de_nanteuil_A11,1834,1834,NR,1,1,NR80,NR,1,NR102,NR,1,NR95,NR,1,1,0,0,7.684037606,29,1.2207310684,11.0187192884,0,10.5779705169,0,30,0,6,0,149.528197373,77.3026616913,73.5386639958,8.7095653821,34.2159236299
bouquet_de_venus_D6,1814,1814,NR,1,1,NR3,NR,1,NR4,NR,1,NR2,NR,1,1,0,0,9.9812604692,29,1.410154454,28.5523260554,0,38.5456401748,0,30,0,7,0,143.2546062951,87.1933009796,76.5833295985,9.9750634168,31.1618824828
camaieu_G12,1826,1826,NR,1,1.33,NR51,NR,1,NR69,NR,1,R30,R,2,2,-0.0745079043,0.0773538592,9.5431462898,3.935538588,0.3712493831,8.6345605457,0.0714285714,11.955545371,0.9962954476,13,0.0833333333,8,0,145.3760012436,84.794197952,75.8071768418,10.7651915244,32.2162989146
capitaine_basroger_C1,1890,1890,NR,1,1,NR173,NR,1,NR246,NR,1,NR256,NR,1,1,0,0,6.2993181888,29,0.9856883309,7.3125247988,0,9.6217431563,0,30,0,4,0,-9.6409703009,-39.0188776137,78.1558559251,-36.9568411119,30.0774896456
caroline_banks_A12,1889,1889,NR,1,1,NR129,NR,1,NR185,NR,1,NR183,NR,1,2,-0.4612767494,0.5860977422,5.9198879116,2.3235349823,0.7346104309,10.1114058351,0,9.4590570715,0,30,0,4,0,-93.7670718623,25.5087875745,-53.0031135206,-85.2716588562,17.7570828757
celine_F12,1824,1824,NR,1,1,NR39,NR,1,NR55,NR,1,NR57,NR,1,2,-0.6248060346,0.8678836176,6.5988597548,2.917687983,1.3077684102,12.5464786959,0,11.2549294184,0,30,0,3,0,-106.4983077772,-32.3700076422,-44.6809031428,-85.4473991763,-67.1071948491
champmey_pink_cluster_B1,1811,1811,NR,1,1,NA,NA,NA,NR280,NR,1,NR290,NR,1,1,0,0,9.4970120967,29,1.0056274105,13.3999487242,0,13.3999487242,0,30,0,8,0,-176.6956868595,56.1279824162,-61.0803260743,-4.3593556818,-170.8127064299
charles_lawson_B4,1853,1853,NR,1,1,NR136,NR,1,NR196,NR,1,NR195,NR,1,1,0,0,6.9390874015,29,1.8170281019,7.8703427677,0,7.0119144529,0,30,0,1,0,-18.3485927783,-69.7651774033,66.2508710953,-75.6627755458,10.9659551497
charles_quint_B2,1856,1856,NR,1,1,NR165,NR,1,NR236,NR,1,NR246,NR,1,1,0,0,7.5318333292,29,1.3264590013,25.2679613282,0,24.7725111061,0,30,0,5,0,148.0193297961,74.2478012991,64.5437915802,12.9845822552,30.5009396221
chloris_F10,1814,1814,NR,1,1,NR57,NR,1,NR75,NR,1,NR72,NR,1,2,-0.0250538888,0.025370375,6.6598444364,2.1412805832,0.6922978869,6.8041670954,0,9.6627225024,0,30,0,5,0,145.5297693833,6.9724318703,-14.8516113307,20.9061682861,19.0251400023
claire_jacquier_F8,1887,1887,NR,1,1,NR77,NR,1,NR99,NR,1,NR93,NR,1,1,0,0,5.9897362692,29,1.2933090744,17.4880164673,0,35.3098717218,0,30,0,3,0,-128.4170856786,-13.8461957942,10.0966256933,139.3906496408,-149.494956126
clementine_B4,1818,1818,NR,1,1,NR184,NR,1,NR258,NR,1,NR263,NR,1,2,-0.1943603515,0.2145338632,7.0672407917,1.8430567123,0.1354280706,14.1551376649,0,14.7157371764,0,30,0,5,0,136.9256351969,16.6214435856,19.7989959082,17.6094641693,-40.8728186625
clotilde_soupert_B11,1889,1889,R,2,1.66,R53,R,2,R71,R,2,NR231,NR,1,3,-0.5036512445,0.6547521586,9.1815125094,20.1209222553,0.7983627304,30.2944949732,0.020531401,37.1677219461,2.054497193,28,0.0552763819,6,0,-172.2810272375,124.8043034594,-134.3969250838,27.7446278686,59.8640448298
comtesse_de_murinais_E10,1843,1843,NR,1,1,NA,NA,NA,NR111,NR,1,NR102,NR,1,1,0,0,7.9896390395,29,1.4593194035,7.1507707612,0,6.1881670049,0,30,0,6,0,145.3383323215,-15.7486668934,-1.3549350685,5.3256325688,-46.9593889856
corporal_johann_nagy_D10,1890,1890,NR,1,1,NR41,NR,1,NR57,NR,1,NR59,NR,1,1,0,0,9.103809604,29,0.8508945239,18.5643238725,0,24.5436926062,0,30,0,7,0,33.5114454476,47.1284873131,-22.2591358499,-56.4144950543,15.966927173
cramoisi_eblouissant_B6,NA,1829,NR,1,1,NR201,NR,1,NR278,NR,1,NR286,NR,1,1,0,0,9.2525847481,29,0.8169757424,14.7262155637,0,30.5432619099,0,30,0,8,0,143.4372728706,80.0495834365,67.6610825093,11.3418871616,29.6037128648
cramoisi_superieur_B7,1832,1832,NA,NA,NA,NA,NA,NA,NA,NA,NA,NA,NA,NA,NA,NA,NA,NA,NA,NA,NA,NA,NA,NA,NA,NA,NA,NA,-234.5598777763,-6.0305326983,-12.2782833789,-16.9187766241,39.3501784944
creme_H3,1894,1894,NR,1,1,NR132,NR,1,NR189,NR,1,NR188,NR,1,2,-0.013477931,0.0135691677,10.2865723371,2.7906439342,0.6084113908,47.4988430087,0,162.7897978981,0,30,0,8,0,-34.1919635202,103.4083019275,-0.6329756694,67.5173157187,-136.2844795351
crimsom_rambler_B8,1893,1893,NA,NA,NA,NA,NA,NA,NA,NA,NA,NA,NA,NA,NA,NA,NA,NA,NA,NA,NA,NA,NA,NA,NA,NA,NA,NA,-189.6426621457,162.6410869305,-171.3454542059,-53.6488992961,43.6687408462
crimson_globe_B3,1890,1839,NR,1,1,NR127,NR,1,NR179,NR,1,NR176,NR,1,2,-0.0050125418,0.0050251256,6.6300596516,23.0324211748,0.2577926182,4.9343048677,0.0051546392,4.4485442849,0.0766990394,30,0.0172413793,3,0,39.2057881783,0.3672783488,32.5575225043,-39.3846208289,7.4157051178
dawson_H1,1888,1888,NR,1,1,NR20,NR,1,NR28,NR,1,NR26,NR,1,1,0,0,5.0839281077,29,1.8947005199,11.0619808849,0,25.5612538927,0,30,0,1,0,-212.2285950718,125.265249108,-146.5194713021,-69.4039399671,46.7554812418
delille_B12,1852,1852,NA,NA,2,RF36,RF,3,NR218,NR,1,R83,R,2,3,-0.8117736423,1.2518985092,11.4127380257,3.5874188967,0.0821048289,4.5003405464,0.2,6.7505108196,3.3752554098,15,0.5,11,0,35.323782048,10.2659799144,35.0435324929,-6.9734641236,-44.1179982424
desprez_a_fleur_jaune_B10,1835,1835,NA,NA,NA,NA,NA,NA,NA,NA,NA,NA,NA,NA,NA,NA,NA,NA,NA,NA,NA,NA,NA,NA,NA,NA,NA,NA,-182.5912704899,-35.9165891907,18.0110455404,95.2732681005,-99.2552595851
deuil_de_paul_fontaine_B11,1873,1873,RF,3,3,NA,NA,NA,RF70,RF,3,RF95,RF,3,4,-1.0727094679,1.9232893382,7.5040783924,7.4968182456,0.0799707578,1.4200780877,0.7777777778,2.1301171316,4.2602342632,10,2,7,0,18.1825920462,7.1432709499,48.6113940417,-40.5699511005,0.1694781787
dona_sol_A1,1842,1842,NR,1,1,NR169,NR,1,NR241,NR,1,NR251,NR,1,1,0,0,9.5010757111,29,1.2881735883,26.0088964354,0,35.6693436828,0,30,0,7,0,143.2999309006,82.0629079516,75.4988563826,11.1766316796,19.7069379244
duc_d_anjou_B12,1862,1862,NR,1,1,NR5,NR,1,NR7,NR,1,NR39,NR,1,1,0,0,8.4936808451,29,1.9089393044,7.8998932192,0,10.3306295944,0,30,0,5,0,148.9254874487,71.7145938563,65.2930860003,9.8963343635,34.491368741
duc_de_cambridge_B6,1840,1840,NR,1,1,NR18,NR,1,NR23,NR,1,NR183,NR,1,2,-0.0020020027,0.002004008,7.642528914,22.1168864475,0.1769947651,11.3977194655,0.0022172949,9.4980995546,0.0759847964,30,0.008,5,0,35.7367542136,13.1593367627,3.622305498,-56.1758504381,-16.3276297058
duchesse_de_montebello_H7,1824,1824,NR,1,1,NR84,NR,1,NR108,NR,1,NR100,NR,1,1,0,0,7.8158667682,29,0.771923325,16.4864920597,0,21.0660731873,0,30,0,6,0,144.3417450089,81.3625768157,74.2006387942,9.4075953313,32.3010274457
duchesse_de_portland_C2,1799,1799,NR,1,1,NR43,NR,1,NR60,NR,1,NR61,NR,1,1,0,0,7.759602256,29,1.2022108052,1.7464165194,0,1.8491469029,0,30,0,6,0,144.4936582512,18.7784378994,29.2169217098,-1.8740999261,-33.0882007426
duchesse_de_verneuil_A7,1856,1859,NR,1,1,NR16,NR,1,NR21,NR,1,NR15,NR,1,1,0,0,9.1803719399,29,1.1810720034,22.3349968433,0,26.9333785463,0,30,0,7,0,152.6316460387,56.2694852661,61.4751567265,2.1168346935,16.2797181284
duchesse_du_berry_C1,1818,1825,NR,1,1,NR153,NR,1,NR220,NR,1,NR228,NR,1,1,0,0,11.5998073755,29,0.3229143283,5.8686900565,0,10.5636421017,0,30,0,11,0,149.7515663949,76.6335716573,74.0035072892,7.9679177651,32.8794608498
enfant_de_france_B10,1857,1857,R,2,2.5,NA,NA,NA,R32,R,2,RF47,RF,3,2,-0.4179738824,0.5188810043,5.7311529286,11.9779520622,1.4297837381,51.4862569175,0.3367477593,14.909147756,3.5781954614,10,0.24,1,1,30.1967534998,5.2240529351,80.2022551298,92.86258191,31.5773482148
ernest_morel_C3,1898,1898,RF,3,2.66,RF56,RF,3,R92,R,2,RF107,RF,3,2,-0.5108256238,0.6666666667,8.4903652712,10.1613570079,0.3192884103,8.5237968168,0.6,4.2618984084,8.5237968168,18,2,8,0,-90.2227598652,-117.6097713422,72.3495426766,-113.3455753813,12.6552048817
ernst_dorell_F11,1887,1887,NR,1,1,NR26,NR,1,NR37,NR,1,NR35,NR,1,1,0,0,8.5236842986,29,2.3329740706,26.9209879978,0,26.3129476139,0,30,0,2,0,-62.7826019723,82.1609575575,-45.3553855814,-64.098667659,-28.314664793
etoile_de_lyon_G11,1881,1881,R,2,2,NA,NA,NA,R8,R,2,R10,R,2,7,-1.322367831,2.7522956687,7.9370734699,13.1139259205,0.0466394323,25.4386040841,0.1891891892,5.0877208168,1.6959069389,17,0.3333333333,8,0,-203.4675157773,-146.3608260019,113.9790230556,179.3525290745,44.676537522
eugene_furst_C12,1875,1875,RF,3,3,RF48,RF,3,RF72,RF,3,NA,NA,NA,NA,NA,NA,NA,NA,NA,NA,NA,NA,NA,NA,NA,NA,NA,-135.6887283193,-138.7577132328,65.4100715744,-145.2229324857,33.8053549196
euphrosine_G10,1895,1895,NR,1,1.33,NR45,NR,1,NR62,NR,1,R24,R,2,2,-0.2782926202,0.3208726546,5.7920529553,4.2009158842,1.3697010344,7.8958386997,0.229497775,20.0653326692,6.2476149447,9,0.3113636364,3,0,-201.5502011992,151.7333885432,-166.6097885686,-73.3209205909,46.2282974034
fatinitza_A3,1886,1886,NA,NA,2.33,NR37,NR,1,RF21,RF,3,NR54,NR,1,2,-0.0120725812,0.012145749,6.3284359265,22.5104960617,0.7931588699,11.6239600367,0.0169014085,20.4002163967,0.3330647575,28,0.0163265306,4,0,-182.870950616,41.2749237692,-56.3080827276,67.8280802513,59.8997321402
francois_arago_C6,1858,1858,RF,3,3,RF55,RF,3,RF79,RF,3,RF106,RF,3,4,-1.0223557898,1.7797355293,4.7742901568,16.4435078671,0.5098220121,4.5451460191,0.5535714286,5.6359810637,3.2725051338,8,0.5806451613,1,1,-131.0010370015,-125.9758325118,62.6356775994,-81.6655015356,31.4496236201
francois_foucard_C7,1900,1900,R,2,2.33,R14,R,2,R14,R,2,RF21,RF,3,2,-0.2027195193,0.2247289073,8.546842671,9.5740381937,2.2411547826,12.155869906,0.2075134168,30.4582744824,2.9909476744,12,0.0981981982,3,1,-167.4775629704,45.6750527031,-46.0716069804,135.2799271403,30.2139930115
fulgens_gallique_D1,1828,1828,NR,1,1,NA,NA,NA,NR215,NR,1,NR221,NR,1,1,0,0,6.6241175573,29,2.2825098751,23.8955192767,0,25.9392150043,0,30,0,2,0,-42.7414312016,-6.9590818448,51.2584115681,30.4362726814,5.2513815284
gaspard_monge_B8,1854,1854,NR,1,1,NR23,NR,1,NR32,NR,1,NR30,NR,1,2,-0.4831714557,0.6212078465,6.8913034934,2.6009174448,1.3433237286,11.7008462121,0,7.7720949292,0,30,0,3,0,3.8182843625,20.7089675264,12.2673643716,-40.3586434712,-29.2338139672
geant_des_batailles_C8,1846,1846,NA,NA,NA,NA,NA,NA,NA,NA,NA,NA,NA,NA,NA,NA,NA,NA,NA,NA,NA,NA,NA,NA,NA,NA,NA,NA,-120.1364757275,-77.2479109368,55.4035229652,-98.9539897392,19.9131991489
general_jacqueminot_C9,1853,1853,NA,NA,NA,NA,NA,NA,NA,NA,NA,NA,NA,NA,NA,NA,NA,NA,NA,NA,NA,NA,NA,NA,NA,NA,NA,NA,-92.781672399,-104.0111561857,50.2488071013,-128.4759213199,4.6431774816
general_kleber_B7,1856,1856,NR,1,1,NR15,NR,1,NR20,NR,1,NR14,NR,1,1,0,0,9.6567170204,29,1.038059778,19.2973099088,0,20.6467721402,0,30,0,8,0,144.6086766055,60.6581854666,52.8137959816,11.5283441443,16.8103569454
geschwind_s_orden_D9,1886,1886,NR,1,1,NR32,NR,1,NR48,NR,1,NR49,NR,1,1,0,0,8.8384715757,29,1.9655209168,14.8392113788,0.0053078556,51.8659736025,0.158369385,15,0.0030534351,5,0,33.848112825,-52.9673420554,-48.7759493098,-21.8908150272,-52.0727960647
gilda_A6,1887,1887,NR,1,1.33,NR2,NR,1,NR2,NR,1,R2,R,2,3,-0.7765204535,1.1738949218,7.3449081403,5.2181423705,0.5852398371,8.5801380467,0.093220339,6.3749623805,1.2629642452,12,0.1981132075,5,0,-20.0350063932,62.6121706122,-37.4351090732,-47.4608892475,24.6694925807
gloire_de_dijon_C11,1850,1850,R,2,2,NA,NA,NA,NA,NA,NA,R81,R,2,3,-0.4208478442,0.5232524891,9.2194540152,10.6600773757,0.0582509072,1.5858048369,0.2820512821,2.2087995942,0.8495383055,12,0.3846153846,6,0,-104.6557732403,-65.1236775212,65.5890915918,67.6521788621,12.8776968335
gloire_de_ducher_C12,1865,1865,NA,NA,NA,NA,NA,NA,NA,NA,NA,NA,NA,NA,NA,NA,NA,NA,NA,NA,NA,NA,NA,NA,NA,NA,NA,NA,-135.5488530573,-76.8975419709,44.3037049533,-106.1541808105,7.7334385867
gloire_des_rosomanes_D1,1825,1825,RF,3,3,RF16,RF,3,RF34,RF,3,RF44,RF,3,4,-0.716839106,1.0479496174,5.8429130333,23.010533575,0.8319389858,7.4737592529,0.7889908257,2.5995684358,3.2494605447,10,1.25,4,0,-88.9876196829,-52.3097979146,-22.5417223011,40.0656463189,-63.3659241602
himmelsauge_A12,1893,1893,NR,1,1,NR133,NR,1,NR190,NR,1,NR189,NR,1,1,0,0,6.9226993655,29,1.5598960387,23.9743977189,0,24.8913703646,0,30,0,2,0,-6.8035938761,138.0772759729,-65.3212506021,-24.9997618838,42.5961158826
hippolyte.D7,NA,1832,NR,1,1,NR12,NR,1,NR17,NR,1,NR12,NR,1,1,0,0,8.99669866,29,1.8993736926,13.6164530073,0,17.8860187808,0,30,0,6,0,5.8967300009,78.1748895768,2.083093217,-24.2916782033,28.9167306553
horace_vernet.E7,1866,1866,NR,1,1,NR6,NR,1,NR8,NR,1,NR4,NR,1,2,-0.2555192029,0.2911318062,6.7774419981,2.4811394117,0.7917482074,10.2522634969,0,18.5062044477,0,30,0,5,0,129.4446836438,21.0485896066,26.2348714664,4.9005958681,-56.9719043376
hovyn_de_tronchere_D3,1898,1899,RF,3,3,NA,NA,NA,NA,NA,NA,RF17,RF,3,3,-0.9184588161,1.5054260905,5.0096993546,19.4076434005,1.1555603761,7.4449599303,0.6296296296,2.2334879791,3.3502319686,12,1.5,3,0,-194.5153023447,-115.1143830519,92.6611182452,177.9040149805,39.1742512928
hume_s_blush_tea_scented_china_C7,NA,1809,RF,3,3,RF3,RF,3,RF4,RF,3,RF7,RF,3,3,-0.750346605,1.1177339065,7.9007917632,17.2112998658,2.4401040099,85.0013886621,0.4977777778,21.0622909959,9.7789208195,12,0.4642857143,4,1,-244.4056916941,-86.3033137298,49.2140461064,76.8277870869,49.6777994578
hybride_de_rosa_wichurana_H12,NA,NA,NA,NA,NA,NA,NA,NA,NA,NA,NA,NA,NA,NA,NA,NA,NA,NA,NA,NA,NA,NA,NA,NA,NA,NA,NA,NA,-146.3629762121,157.7971304448,-145.1525705017,-14.3504772728,62.4998794639
imperatrice_josephine_E9,1815,1815,NR,1,1,NR88,NR,1,NR118,NR,1,NR112,NR,1,1,0,0,9.319637319,29,1.1045154093,12.3092187573,0,13.0667091424,0,30,0,8,0,155.8534353813,19.5817827791,11.905907034,12.4923348254,18.3858585025
indigo_D3,1845,1830,R,2,2.33,RF49,RF,3,R85,R,2,R105,R,2,3,-0.83571857,1.3064708137,6.757090177,6.6060361278,0.1972281962,18.3773514338,0.193989071,14.7641772536,5.7935379097,13,0.3924050633,5,0,147.2169452784,60.8868346795,60.7594479987,7.0468062538,9.9129913174
jacques_cartier_blanc_G1,NA,1868,R,2,1.66,R51,R,2,R65,R,2,NR220,NR,1,2,-0.0264009576,0.0267525502,8.973932801,10.8561923128,2.9964505463,29.3497208089,0.0277777778,20.7544454291,0.9433838831,18,0.0454545455,4,0,24.4821779237,76.9281095216,25.722664863,2.5313557604,-44.8864220677
janet_s_pride_D2,1894,1894,NR,1,1,NR182,NR,1,NR257,NR,1,NR261,NR,1,1,0,0,8.0806212999,29,1.2938817931,3.3059565974,0,5.4165390579,0,30,0,6,0,119.6509157805,94.0184749835,61.1537642494,23.411824654,21.6648796774
jean_bach_sisley_D4,1898,1898,RF,3,2.66,RF23,RF,3,RF46,RF,3,R66,R,2,5,-1.2738086009,2.5744402873,4.6344349554,16.4202309123,0.1235954387,15.7374707529,0.2285714286,5.6344031091,1.7486078614,15,0.3103448276,2,0,-215.6964793901,-77.1234697827,43.2110608375,120.4710709701,46.5507723632
jeanne_d_arc_G2,1909,1818,RF,3,3,RF24,RF,3,RF47,RF,3,RF62,RF,3,3,-0.7146791644,1.0435309396,8.7020528067,15.864037283,0.6663341417,23.7142381746,0.5969360803,91.8110872448,104.2121108774,11,1.13507109,6,0,-162.9380904758,144.3832897198,-149.5258646586,-13.0750107213,71.691686837
jenny_duval_G8,1842,1842,NR,1,1,NR76,NR,1,NR98,NR,1,NR92,NR,1,1,0,0,9.6290340008,29,1.0671201821,27.2698790883,0,31.5441548075,0,30,0,6,0,148.0607440192,76.939186692,72.4964603426,8.8932439778,33.7470153763
jersey_beauty_F1,1899,1899,NA,NA,1.5,NA,NA,NA,NR251,NR,1,R100,R,2,3,-0.3557981969,0.4273194817,6.0935236658,5.6123491471,0.309399464,12.4075224564,0.0412844037,16.9193488042,0.8904920423,11,0.0526315789,5,0,-136.9171886998,49.7747190462,-48.935049162,120.2522663586,47.5648361131
julie_de_mersan_C7,1854,1854,NR,1,1,NR54,NR,1,NR72,NR,1,NR69,NR,1,2,-0.0074720211,0.0075000063,8.9017207218,3.7805045415,0.6821257543,7.9678074548,0.0061728395,12.3228823369,0.1484684619,13,0.0120481928,7,0,90.41111067,10.3550955725,69.6460342174,-42.8285039268,4.004817706
la_belle_distinguee_E1,NA,1811,NR,1,1,NR175,NR,1,NR250,NR,1,NR257,NR,1,3,-0.2442210551,0.2766265041,7.0368288973,4.9009703911,0.5520570091,18.914601368,0,45.9571639664,0,30,0,6,0,156.5435162969,3.5335622965,2.1013871991,10.6895114347,15.031232612
la_biche_E6,1832,1832,RF,3,3,NA,NA,NA,RF3,RF,3,RF4,RF,3,4,-1.1786549963,2.25,5.5318317299,19.5102637978,0.2811435217,5.181547868,0.8571428571,2.590773934,7.772321802,13,3,5,0,-208.5753525261,-85.62655094,40.3864217423,38.1279182895,36.3677770724
la_caille_A2,1857,1857,NR,1,1,NR115,NR,1,NR159,NR,1,NR152,NR,1,1,0,0,8.174104395,29,1.3170641107,13.0486355963,0.0030120482,15.8475876427,0.1182655794,13,0.0074626866,6,0,32.1787020758,-22.049942237,37.2040099408,-63.3842104852,-3.3512526508
la_favorite_A10,1899,1899,RF,3,3,RF43,RF,3,R78,R,2,RF92,RF,3,2,-0.4790132232,0.614480484,5.324583495,14.8773450219,1.2615523129,22.1582858181,0.4158415842,7.8868474946,2.0656029152,11,0.2619047619,3,1,-111.7238318116,-113.5927654069,75.5626990281,54.132082084,20.4799389432
la_france_D7,1867,1867,NA,NA,1.66,NR203,NR,1,NR279,NR,1,RF109,RF,3,2,-0.4054651081,0.5,14.0116635503,5.4675425346,0.0851918664,2.6959294947,0.6666666667,2.6959294947,2.6959294947,19,1,14,0,-94.3456213601,-99.1490246098,55.1748225858,-7.1925090256,5.0340875066
lamotte_sanguin_D12,1869,1869,R,2,2,R56,R,2,R75,R,2,R90,R,2,2,-0.3910198836,0.4784879108,6.6768304071,5.8499087789,0.9797032081,8.8833953399,0.2452830189,9.5496499904,2.220848835,11,0.2325581395,5,0,-33.1266053557,-49.9977446218,65.626980674,-84.9674186462,-8.7619609167
la_noblesse_B2,1856,1857,NR,1,1,NR179,NR,1,NR255,NR,1,NR259,NR,1,1,0,0,7.1523818174,29,1.089902377,6.2757617236,0.0065359477,6.5647770661,0.1238637182,11,0.0188679245,5,0,-8.8784310647,-42.4217728766,46.8731385326,-68.9885086491,7.9019407228
la_reine_D8,1842,1842,NA,NA,NA,NA,NA,NA,NA,NA,NA,NA,NA,NA,NA,NA,NA,NA,NA,NA,NA,NA,NA,NA,NA,NA,NA,NA,-17.169789453,-24.7461643244,53.6528948061,-91.6015735976,6.2627255677
la_sirene_A9,1867,1875,NR,1,1,NR29,NR,1,NR44,NR,1,NR45,NR,1,1,0,0,8.959906184,29,0.9717933369,17.160492278,0,37.8540270839,0,30,0,5,0,-100.3221990694,78.9163345761,-51.205415769,-61.2979081775,-24.4273028293
lea_F1,1825,1825,NR,1,1,NR146,NR,1,NR213,NR,1,NA,NA,NA,NA,NA,NA,NA,NA,NA,NA,NA,NA,NA,NA,NA,NA,NA,127.3220054382,14.9356427899,14.904439068,13.3965028383,-55.0880169281
leda_E6,1827,1827,NR,1,1.33,NR48,NR,1,NR65,NR,1,R26,R,2,2,-0.2601167257,0.2970814805,6.7152080763,3.6534050695,0.3142440078,1.748926693,0.2307692308,2.0987120316,1.0493560158,10,0.5,5,0,136.8273361723,28.1326984185,34.4734712565,5.0498877757,-45.0736147607
leuchtstern_G2,1889,1889,NR,1,1,NR187,NR,1,NR262,NR,1,NR267,NR,1,1,0,0,7.8458899398,29,0.9090585413,25.2825395984,0,84.9796829373,0,30,0,6,0,-117.068988437,113.0128176235,-103.9781269596,19.5977195581,-108.0968500332
louis_lille_D9,1887,1887,NR,1,1,NA,NA,NA,NR27,NR,1,NR25,NR,1,2,-0.0935761577,0.0980942284,7.0235530358,2.3789052119,0.1237829052,14.725985229,0,20.0808889487,0,30,0,7,0,149.0836630741,76.6700934529,71.9894420196,9.5847936987,33.9454973012
marguerite_de_roman_E12,1882,1882,RF,3,2.66,R2,R,2,RF5,RF,3,RF8,RF,3,5,-1.0665008814,1.9051960683,5.9992231557,20.2604753262,0.075726266,3.7857120478,0.9090909091,3.7857120478,11.3571361435,8,3,6,0,-28.4425947086,-1.5657778412,45.6647950587,-77.1263857744,-44.795019173
marie_dermar_G5,1889,1889,NR,1,1,NR13,NR,1,NR18,NR,1,NR13,NR,1,5,-0.9567335935,1.6031795285,5.7522746611,15.1076803665,0.6340447516,4.9134180458,0.3707093822,4.6632803999,2.5728443585,15,0.5517241379,4,0,-43.2870818595,-75.632043109,22.6235633938,-27.8127996258,-45.6066498464
maupertuis_H8,1868,1868,R,2,2,R8,R,2,R10,R,2,R11,R,2,2,-0.2965125244,0.3451594072,8.6366680686,2.4426186698,1.6411731258,22.3022821301,0.091954023,18.6322863366,2.5407663186,14,0.1363636364,2,0,149.7510298604,75.5396806198,76.1983725782,-0.3403486713,19.2942887051
may_queen_D11,1898,1898,NA,NA,1.5,NA,NA,NA,NR47,NR,1,R18,R,2,2,-0.1888099085,0.207811336,6.6456163341,3.1883557502,1.0883225692,12.5809150248,0.1388750622,13.3517687778,4.8651052899,10,0.364379085,2,0,-94.1567128939,17.3558786864,-44.4492415799,-6.8334269688,7.9493219745
mercedes_B1,1847,1847,NR,1,1,NR170,NR,1,NR242,NR,1,NR252,NR,1,2,-0.5007505227,0.6499591378,8.0093340919,1.6845531113,0.3390840943,13.9529331864,0,17.1920069618,0,30,0,7,0,151.2319845993,71.0560699185,64.7683842197,12.438033338,33.4324037901
minette_D8,1819,1819,NR,1,1,NR21,NR,1,NR30,NR,1,NR28,NR,1,2,-0.1348979781,0.1444200225,6.9186362104,2.7936127039,0.5361311715,10.4554279246,0,11.089090223,0,30,0,6,0,156.7693283835,-96.3499682925,-83.9435360884,22.099867515,-69.4595307246
miranda_F10,1869,1869,R,2,1.66,R26,R,2,NR110,NR,1,R46,R,2,3,-0.9502815017,1.5864376434,6.7159546293,4.7288030682,0.463411313,26.801855749,0.1290322581,23.8238717769,7.4449599303,12,0.3125,5,0,52.9102596492,13.1503514158,20.158795215,-2.5319909491,-30.480567125
mle_cecile_brunner_D12,1880,1880,RF,3,2.66,RF12,RF,3,R19,R,2,RF30,RF,3,4,-1.0469741879,1.8490174713,8.7366271266,16.0264344708,2.0344612346,26.3313870737,0.4683544304,20.6889469865,12.5387557494,18,0.6060606061,6,0,-164.4839804049,-36.7995398421,23.0085181809,152.8338149759,-101.6292943483
mme_a_meilland_climbing_E1,1935,1935,NA,NA,NA,NA,NA,NA,NA,NA,NA,NA,NA,NA,NA,NA,NA,NA,NA,NA,NA,NA,NA,NA,NA,NA,NA,NA,-130.5839898913,-107.6541906974,84.3612405015,29.1202100272,7.4947179245
mme_antoine_mary_E3,1890,1890,RF,3,3,NA,NA,NA,RF7,RF,3,RF12,RF,3,3,-0.9181462629,1.504643134,6.4484818513,15.9407206966,1.8527665573,10.0820620422,0.6354166667,7.2014728873,7.2014728873,13,1,2,1,-222.102483791,-113.2859429397,77.186695384,121.1643020395,15.3122117893
mme_de_la_roche_lambert_B7,1851,1851,RF,3,2.66,R17,R,2,RF28,RF,3,RF33,RF,3,4,-0.9296285373,1.5335678769,7.253734046,14.3089638446,0.6219670243,1.6445194056,0.6923076923,2.0556492569,4.1112985139,10,2,6,0,88.6458291732,62.1202029534,73.4966582305,-10.1100746516,0.7437315404
mme_d_herbray_E4,1857,1857,NR,1,1,NR163,NR,1,NR234,NR,1,NR244,NR,1,2,-0.4803599192,0.6166561631,6.0684619697,2.4825097155,0.6638499828,23.1466852151,0,21.5503620968,0,30,0,4,0,139.8460428871,89.7308915494,74.8010712574,11.8280335997,29.5604827349
mme_edouard_ory_D9,1854,1854,NR,1,1,NR70,NR,1,NR92,NR,1,NR86,NR,1,3,-0.4131683239,0.5115994428,5.8940800261,23.5145673762,0.235791999,7.1270131824,0.0256410256,5.8516529287,0.3375953613,13,0.0576923077,1,0,22.5331417225,35.2664745442,55.2200454646,-50.485152025,-15.7629949004
mme_emilie_charon_E5,1895,1895,RF,3,3,RF51,RF,3,RF74,RF,3,RF102,RF,3,3,-0.647011834,0.9098254186,4.835104581,14.1462513368,0.3681260959,7.6384571275,0.4829931973,4.8242887121,2.4121443561,11,0.5,1,1,-239.1279352565,-138.2075818255,103.5478690581,137.8086752434,67.9783395945
mme_ernest_calvat_F1,1888,1888,NA,NA,NA,NA,NA,NA,NA,NA,NA,NA,NA,NA,NA,NA,NA,NA,NA,NA,NA,NA,NA,NA,NA,NA,NA,NA,-131.0335734958,-134.6367398518,56.6917629176,-38.8361596685,-8.8359359309
mme_e_veyrat_hermanos_G3,1895,1895,RF,3,3,NA,NA,NA,RF29,RF,3,RF34,RF,3,5,-1.3549379614,2.8765204552,5.6377361563,21.8400423394,0.5131326726,1.6696389528,0.8299319728,1.803210069,3.9069551496,9,2.1666666667,4,1,-204.8173396568,-89.8854912774,66.7540889335,152.1680248863,17.6368878142
mme_hardy_B11,1832,1832,NR,1,1,NR46,NR,1,NR63,NR,1,NR64,NR,1,1,0,0,9.2378079673,29,1.0074726046,11.6609078072,0,13.4675273266,0,30,0,7,0,120.1538104373,50.5518317656,37.82438926,15.4194757663,-42.4111253861
mme_lambard_E8,1878,1878,RF,3,3,RF19,RF,3,RF43,RF,3,RF59,RF,3,2,-0.4238722789,0.5278664406,3.5580692581,10.1401509264,1.7888682443,24.8601445253,0.3153526971,6.4787043308,2.1093455961,8,0.3255813953,1,1,-234.4290619789,-155.4211406882,119.3654604521,126.296469116,45.9064309998
mme_legras_de_st_germain_E7,1846,1846,NR,1,1,NR56,NR,1,NR74,NR,1,NR71,NR,1,2,-0.0074467807,0.007474577,8.5914815501,5.8412854561,0.4898755304,11.3938533224,0.0077092511,10.5845230087,0.1517494338,14,0.0143369176,5,0,132.1885496837,57.2233684271,25.7219559193,27.8369554854,20.6300504014
mme_zoetmans_E12,NA,1830,NR,1,1,NR134,NR,1,NR193,NR,1,NR192,NR,1,1,0,0,9.7407019311,29,0.9220414683,7.2612082296,0,14.5224164593,0,30,0,8,0,141.7711278559,74.5100642579,62.973504429,13.0581029365,30.9616331654
monsieur_cordeau_H6,1892,1892,RF,3,3,RF35,RF,3,RF61,RF,3,RF83,RF,3,2,-0.2614394776,0.2987983328,10.1406436839,1.8979385633,0.1482862193,9.8100171736,0,11.7720206083,0,30,0,10,0,-52.4567009137,-66.1463970141,60.3509362802,-128.0675042889,-14.8349734718
narrow_water_D3,1883,1883,RF,3,3,RF25,RF,3,RF48,RF,3,RF63,RF,3,2,-0.1874478182,0.2061673077,9.9063924366,5.9261979587,1.9532428211,52.9966367768,0.111373475,102.1910347769,5.9145936527,15,0.0578778135,1,1,-175.2118836454,71.4809346548,-77.3676938012,-17.8024684289,-156.6899254551
nathalie_H4,1835,1835,RF,3,2.66,RF33,RF,3,R63,R,2,RF77,RF,3,3,-0.618685792,0.8564866283,8.1854984796,16.7637923802,2.520719788,55.9398297464,0.0381062356,30.3203278877,0.906587877,20,0.0299003322,1,1,-125.1074183575,-41.9337182556,10.6798201931,-18.1578558228,27.1386462655
oeillet_panache_G11,1888,1887,NA,NA,NA,NA,NA,NA,NA,NA,NA,NA,NA,NA,NA,NA,NA,NA,NA,NA,NA,NA,NA,NA,NA,NA,NA,NA,130.6990328933,58.1123757624,59.7305464755,1.1574049346,20.773216035
old_blush_G12,NA,1793,RF,3,3,RF59,RF,3,RF87,RF,3,RF113,RF,3,3,-0.6931471806,1,1.9976811428,17.0185038981,0.0717357951,13.5010216392,0.75,13.5010216392,13.5010216392,6,1,2,0,-287.9141306624,-71.4570680985,23.5071618352,-68.2761386771,51.4896981063
olivet_E2,1892,1892,R,2,1.66,NR183,NR,1,R83,R,2,R104,R,2,3,-0.1117286689,0.1182094145,5.5215193117,23.284986701,1.0168218116,12.573941715,0.0632911392,10.449965074,0.7646315908,12,0.0731707317,2,0,-57.2261700863,11.3225078905,11.0932407505,-52.4203241134,4.9877594819
panache_superbe_F3,NA,1811,R,2,2,R61,R,2,R87,R,2,NA,NA,NA,NA,NA,NA,NA,NA,NA,NA,NA,NA,NA,NA,NA,NA,NA,-42.1419939321,-22.1768343982,32.314820978,-71.8390594398,9.8158275841
paquerette_A2,1875,1875,RF,3,2.66,RF46,RF,3,RF69,RF,3,R103,R,2,3,-0.9497991599,1.5851903972,8.4634361169,13.7519843725,1.1313825212,86.545252165,0.2990654206,167.3208208523,49.6192779079,16,0.2965517241,5,0,-155.35535909,155.0690659103,-160.3999181403,-3.4273643877,68.0394712983
parks_yellow_tea_scented_china_C5,NA,1824,NA,NA,1.66,NR143,NR,1,RF58,RF,3,NR212,NR,1,1,0,0,3.3671560691,29,1.713969635,3.1132700307,0,2.795287581,0,30,0,1,0,-134.3726961565,-59.270941707,41.3249469222,148.4483781678,40.6333494511
pergolese_A5,1840,1840,NR,1,1,NR141,NR,1,NR204,NR,1,NR206,NR,1,3,-0.161676595,0.1754800237,9.7840279424,5.0826425814,0.0937185754,12.2293831671,0.0217391304,9.5117424633,0.8152922111,15,0.0857142857,7,0,144.0062179394,75.4492432666,70.6165849261,12.9988945475,16.6750155007
perle_d_angers_F12,1879,1879,NR,1,1.33,NR123,NR,1,NR174,NR,1,R68,R,2,2,-0.0248934502,0.0252058792,5.8778107162,16.8553753021,2.3683789718,9.5064548945,0.0337078652,9.6169950677,0.3316205196,15,0.0344827586,1,0,-79.132153146,-86.0393511302,41.2031213046,-108.1579594133,7.7154141275
persian_yellow_A1,NA,1837,NA,NA,1.66,NR35,NR,1,RF84,RF,3,NR289,NR,1,1,0,0,6.4498785402,29,1.1023720631,15.5370064895,0,16.1233086212,0,30,0,4,0,157.465576544,-119.1574873608,-104.8176922747,44.1720261711,21.2514743773
petite_ecossaise_F5,1826,1826,NR,1,1.33,NR107,NR,1,R43,R,2,NR140,NR,1,2,-0.4593975889,0.5831200086,3.8725894418,2.2878257768,0.6056788064,6.8969350152,0,1.9705528615,0,30,0,3,0,193.6994482142,-169.4549714941,-145.0804328635,26.5777085293,19.2374331375
petite_lisette_E4,1817,1817,NR,1,1.33,NR192,NR,1,NR267,NR,1,R80,R,2,2,-0.1725982934,0.1883886256,9.3112326996,15.6399139261,1.1906202372,65.8592746428,0.2,123.4861399552,20.5810233259,23,0.1666666667,5,0,123.0420736251,21.9161728387,18.6743468887,23.0237073863,-63.2461228181
pink_roamer_A4,1890,1890,NA,NA,NA,NA,NA,NA,NA,NA,NA,NA,NA,NA,NA,NA,NA,NA,NA,NA,NA,NA,NA,NA,NA,NA,NA,NA,-150.5398042635,161.0395322624,-151.9879520409,-32.5602445817,61.7083183642
pompon_blanc_parfait_G6,1876,1876,NA,NA,2.33,RF5,RF,3,NR22,NR,1,RF14,RF,3,3,-0.6782154713,0.9703584318,7.4631662125,15.6640812917,2.9706995897,18.0259841761,0.4796296296,12.3166866968,14.8185136821,12,1.203125,1,1,28.6075610969,-34.1277931843,-65.7840581104,9.386775345,-76.4825170513
prince_frederic_D11,1840,1840,NR,1,1,NA,NA,NA,NR223,NR,1,NR234,NR,1,2,-0.3392781119,0.4039337416,6.8265197207,2.2348017771,0.5348194731,24.7482233779,0,34.3611696486,0,30,0,5,0,6.9228074304,86.892374344,11.6882761239,-6.2252687,20.414414492
provence_pink_C2,NA,1450,NR,1,1,NR180,NR,1,NR256,NR,1,NR260,NR,1,1,0,0,7.9679762762,29,1.7040841016,10.7651908263,0,9.4247779608,0,30,0,5,0,124.2099418503,23.7722488768,22.9837595731,7.1849818982,-56.6137589989
provins_renoncule_F8,1810,1810,NR,1,1,NR53,NR,1,NR70,NR,1,NR67,NR,1,2,-0.582632354,0.7907461096,9.6324327017,2.0912297308,0.6956026378,13.4772465908,0,3.7178611285,0,30,0,8,0,151.1540785035,27.4084484172,6.6043234365,19.696309842,24.1797098214
pucelle_de_lille_H8,1828,1828,NR,1,1,NR74,NR,1,NR96,NR,1,NR90,NR,1,1,0,0,9.1742336352,29,0.7529429218,4.6645918541,0,6.383125695,0,30,0,8,0,146.8609420959,84.8430160348,79.046358838,8.3678041013,33.7305728563
quatre_saisons_blanc_mousseux_F3,1830,1830,NR,1,1.33,NR206,NR,1,NR68,NR,1,R29,R,2,4,-0.508488564,0.6627761151,7.3922159776,13.2548938311,0.8258120824,8.5498402321,0.1142857143,13.7900648904,2.7580129781,15,0.2,6,0,125.8494053045,-42.5374187625,-24.1280481855,12.6558242071,-113.7267674426
reine_des_centfeuilles_C3,1824,1824,NR,1,1,NR124,NR,1,NR176,NR,1,NR173,NR,1,1,0,0,8.834587489,29,3.3860323004,11.180233596,0.0015772871,11.7101024868,0.0529868891,15,0.0045248869,4,0,115.2088047208,38.1855432467,37.047413469,15.4094369124,-72.9809440741
rene_andre_H11,1901,1901,RF,3,2.66,RF10,RF,3,R17,R,2,RF27,RF,3,2,-0.409819098,0.5065452234,8.941744717,7.2772800036,3.045674053,8.1727176212,0.216937355,5.8117103084,1.3439580088,15,0.23125,2,1,-156.426404817,34.9603743653,-34.0155901528,118.896293196,65.7814936429
robert_le_diable_F12,1837,1837,NR,1,1,NR122,NR,1,NR172,NR,1,NR170,NR,1,2,-0.5494783055,0.7323490252,9.6394835765,2.2812569903,0.3734108365,6.1994095031,0,5.5292030703,0,30,0,8,0,149.6965249119,77.2948088494,74.4192374496,8.0595127322,34.2384005744
robusta_bourbon_C11,1877,1877,RF,3,2.66,RF41,RF,3,R72,R,2,RF88,RF,3,2,-0.333869022,0.3963602391,4.9883565068,8.6690995174,2.0171947677,12.3938587641,0.2125,9.2462120938,3.1476466702,11,0.3404255319,2,1,-207.3112928104,-100.0581676853,2.7582640834,-112.4195714529,-23.3480664993
roi_des_pourpres_E11,1819,1819,NR,1,1,NA,NA,NA,NR95,NR,1,NR89,NR,1,1,0,0,9.3971894827,29,0.9240657914,8.2976521844,0,10.4203073943,0,30,0,7,0,139.3521547802,-68.0246628017,-74.2976729846,48.1405336428,-61.1668564162
rosa_albertii_G7,NA,1877,R,2,2,R11,R,2,R11,R,2,R14,R,2,2,-0.3351654643,0.3981717135,5.0984344273,5.4572059651,1.6448823816,8.8368726438,0.2130325815,7.0075837207,1.8574318296,9,0.265060241,2,0,201.4786608006,-175.3986063886,-148.4436032193,20.6739543692,19.3345112475
rosa_arvensis_D8,NA,1750,NR,1,1,NR65,NR,1,NR87,NR,1,NR82,NR,1,2,-0.0450758108,0.0461071632,9.6278813803,2.0006418768,0.503550926,9.1184077681,0,21.705549243,0,30,0,8,0,49.6941996491,146.576662321,41.6412948235,51.1263879611,6.7998076165
rosa_californica_E8,NA,1878,NR,1,1,NR25,NR,1,NR35,NR,1,NR33,NR,1,2,-0.0171972427,0.0173459666,5.5281417552,6.6055163776,1.8390948,18.5184194537,0.0165929204,30.7251616358,0.5207654515,11,0.0169491525,1,0,-8.7897011423,-9.5223250828,-202.9980425929,-47.6733357727,34.6797103992
rosa_calocarpa_H10,1891,1891,NR,1,1.33,NR100,NR,1,NR134,NR,1,R55,R,2,2,-0.1962941827,0.2168848391,8.5564261748,5.2114784105,0.7993717711,1.6578265981,0.1785714286,2.1623825192,0.4324765038,13,0.2,7,0,203.6356184111,-195.4579017784,-166.9013680778,12.2993191759,21.0098684811
rosa_centiflora_rosae_G2,NA,1863,R,2,2.33,R21,R,2,RF32,RF,3,R38,R,2,3,-0.6705936069,0.9553977137,7.2460492271,14.1281550691,2.224776502,22.0808773105,0.2,3.8216903037,1.2738967679,16,0.3333333333,4,0,43.2278853085,-25.5230770388,45.9700772483,-47.5827089096,-20.3989925615
rosa_chinensis_C8,NA,1759,R,2,2.5,NA,NA,NA,R22,R,2,RF36,RF,3,2,-0.0872035772,0.091118784,9.6267624371,11.8708062641,5.6701687274,80.9107749646,0.0873932697,108.7864739893,8.4161455522,17,0.0773638968,1,1,-169.2829020569,177.3671488995,-183.4088639549,-48.6108395445,56.1731787104
rosa_chinensis_mutabilis_G3,1894,1894,NA,NA,NA,NA,NA,NA,NA,NA,NA,NA,NA,NA,NA,NA,NA,NA,NA,NA,NA,NA,NA,NA,NA,NA,NA,NA,-188.8557737966,-62.4952352267,39.0298123203,47.9154315862,-33.3232882438
rosa_corymbifera_G6,NA,NA,NA,NA,NA,NA,NA,NA,NA,NA,NA,NA,NA,NA,NA,NA,NA,NA,NA,NA,NA,NA,NA,NA,NA,NA,NA,NA,112.6291102216,16.5609431874,-44.609887923,43.7014247413,8.8566921074
rosa_cuspidata_G5,NA,1820,NR,1,1,NR200,NR,1,NR276,NR,1,NR285,NR,1,1,0,0,9.1968065939,29,0.3629635722,8.254315689,0,17.6148798725,0,30,0,8,0,-123.7473416388,-74.7240452469,52.2481904023,-138.96828044,-11.040743462
rosa_damascena_bifera_yorklancaster_G8,NA,NA,NR,1,1,NR276,NR,1,NA,NA,NA,NA,NA,NA,NA,NA,NA,NA,NA,NA,NA,NA,NA,NA,NA,NA,NA,NA,125.8931463717,-42.4817549702,-24.0774001328,12.8336197987,-114.3053187614
rosa_dupontii_A12,1817,1817,NR,1,1,NR85,NR,1,NR109,NR,1,NR101,NR,1,2,-0.0287302434,0.0291469378,6.7371640298,4.7475189596,1.1303988817,5.2843013685,0.0256124722,9.8438985493,0.3019600782,11,0.0306748466,4,0,59.2944341142,58.6823288569,22.4707639976,59.7916080759,-140.5606507197
rosa_ferruginea_C11,NA,1814,R,2,1.66,R34,R,2,NR143,NR,1,R59,R,2,4,-1.0726291298,1.923054496,4.8267585379,11.6767741756,0.3514052589,4.0811172996,0.144,1.9452054419,0.8009669466,15,0.4117647059,4,0,205.4350833577,-189.9615275951,-159.2681551312,14.3315827814,17.635126056
rosa_fortiniana_de_banks_F3,NA,1840,NR,1,1,NA,NA,NA,NR192,NR,1,NR191,NR,1,2,-0.2679511058,0.3072832199,3.2214905861,2.7027168406,0.9605722936,25.8387240643,0,6.8253233377,0,30,0,1,0,124.6542127231,-81.6993087374,-71.9917998515,49.7793180912,20.3502105815
rosa_gallica_C4,NA,1500,NA,NA,NA,NA,NA,NA,NA,NA,NA,NA,NA,NA,NA,NA,NA,NA,NA,NA,NA,NA,NA,NA,NA,NA,NA,NA,181.686415257,-147.7562360514,-128.7473696959,34.1727568211,20.7691412869
rosa_holikensis_G10,NA,1884,R,2,2,R31,R,2,R40,R,2,R54,R,2,2,-0.4200154511,0.5219850718,5.2457424646,4.5902754617,1.1824023015,7.5206093395,0.2828947368,8.9005376587,3.5188172139,8,0.3953488372,3,0,191.6259442932,-166.4232309954,-143.6985368478,25.947529386,18.9093007982
rosa_iwara_A10,NA,1831,R,2,2,R30,R,2,R37,R,2,R51,R,2,2,-0.3781765706,0.4596206463,5.6916287339,6.4043555339,0.9550094229,7.1136963063,0.27029438,18.5234390371,4.6091186336,9,0.2488262911,3,0,41.4514773379,-3.780686598,-199.3698890569,-7.6700162391,49.9327310587
rosa_majalis_H2,NA,NA,NA,NA,NA,NA,NA,NA,NA,NA,NA,NA,NA,NA,NA,NA,NA,NA,NA,NA,NA,NA,NA,NA,NA,NA,NA,NA,208.3717203277,-198.2809420435,-166.7743144669,10.4406094496,16.7914418691
rosa_majalis_plena_H11,NA,1583,NA,NA,NA,NA,NA,NA,NA,NA,NA,NA,NA,NA,NA,NA,NA,NA,NA,NA,NA,NA,NA,NA,NA,NA,NA,NA,207.6267605923,-204.1119262258,-171.4000830499,7.9709159195,18.3425938452
rosa_manetti_H4,1835,1835,NR,1,1,NR98,NR,1,NR130,NR,1,NR125,NR,1,1,0,0,8.380125862,29,0.7702842425,4.3243702728,0,5.3418691605,0,30,0,6,0,-84.6573884508,-32.4079895966,-41.7516920288,-28.2606116257,-81.5853847241
rosa_maximowicziana_B9,NA,1880,NR,1,1,NR68,NR,1,NR90,NR,1,NR84,NR,1,1,0,0,9.3470078908,29,0.6839732728,18.3418011815,0,23.2627722302,0,30,0,7,0,-50.3950996539,137.2198969462,-85.7743548743,37.1641389784,18.6276442064
rosa_minutifolia_alba_H5,NA,1882,NR,1,1,NA,NA,NA,NR175,NR,1,NR172,NR,1,3,-0.4872671224,0.6278613896,15.6105568822,0.772775894,0.0049338359,0.4715292297,0,0.4715292297,0,30,0,16,0,188.9359120761,-169.3476233082,-145.158752562,23.6412114791,21.6115426132
rosa_multiflora_carnea_D5,NA,1804,NR,1,1,NR194,NR,1,NR207,NR,1,NR209,NR,1,1,0,0,7.5153995699,29,0.7268204835,24.9057190592,0,72.2063938181,0,30,0,5,0,-109.8100245905,118.1614222979,-103.8419038711,10.8176059456,-78.1300006321
rosa_pendulina_oxyodon_H9,NA,NA,NA,NA,NA,NA,NA,NA,NA,NA,NA,NA,NA,NA,NA,NA,NA,NA,NA,NA,NA,NA,NA,NA,NA,NA,NA,NA,184.1996113989,-161.6471663509,-139.555095926,27.8002473167,19.5902059247
rosa_pendulina_pyrenaica_H7,NA,1815,NA,NA,1.33,R12,R,2,NR36,NR,1,NR34,NR,1,2,-0.0626665428,0.0646717576,4.7751460844,6.7747614633,0.7320286477,7.3122992263,0.0279329609,10.2750411541,0.2521482492,10,0.0245398773,2,0,193.9239465513,-165.5120061508,-144.4224354968,28.2506305643,21.5603985874
rosa_pimpinellifolia_double_white_F6,1815,1815,NR,1,1.33,NR49,NR,1,NR66,NR,1,R27,R,2,2,-0.039574669,0.0403681792,6.1280958407,4.5647820708,0.329866286,43.2582582184,0.0408163265,16.2601963516,1.2271846303,10,0.0754716981,3,0,177.4723455215,-141.5075838366,-123.8902058659,39.1486937062,22.5364159382
rosa_polliniana_A11,NA,1800,NR,1,1.33,NR67,NR,1,NR89,NR,1,R35,R,2,2,-0.4456264263,0.5614680341,7.2500638702,3.8114401788,0.5543520697,5.7038528064,0.25,8.1643383308,2.9078465288,11,0.3561643836,6,0,121.746575194,91.3752908068,43.8367943387,34.1438416511,20.6020701994
rosa_rapini_E5,NA,1859,NR,1,1,NA,NA,NA,NR146,NR,1,NR138,NR,1,2,-0.2475720319,0.2809116256,5.0541897825,1.0493814216,0.0581546327,1.1362820651,0,2.4543692606,0,30,0,5,0,166.2041934963,-125.4018374418,-115.9838124439,43.7085549554,24.1293437403
rosa_rubiginosa_gold_bush_H10,1954,1954,NA,NA,NA,NA,NA,NA,NA,NA,NA,NA,NA,NA,NA,NA,NA,NA,NA,NA,NA,NA,NA,NA,NA,NA,NA,NA,-93.6001186747,-24.4244102167,-48.5142160712,6.0724966808,-6.5779825759
rosa_rubus_B8,NA,1888,NR,1,1,NA,NA,NA,NR80,NR,1,NR78,NR,1,2,-0.0889168292,0.0929897477,7.0569910297,2.6056774048,0.8533812678,12.0977468229,0,22.8032926226,0,30,0,5,0,-52.7659277454,107.3601085881,-66.4998773289,55.5855689591,-22.6382411445
rosa_spectabilis_H12,1833,1833,NR,1,1,NR193,NR,1,NR269,NR,1,NR279,NR,1,2,-0.013098424,0.0131845842,9.2174655228,18.6534983176,0.2002573347,7.1861111214,0.0253164557,15.632124842,0.4666305923,28,0.0298507463,6,0,-97.0899048326,100.9511122703,-18.7214734534,10.4573972137,-83.2934561316
rosa_subgallicodes_E3,NA,1900,NR,1,1,NR130,NR,1,NR186,NR,1,NR184,NR,1,2,-0.0118890855,0.0119600416,9.9121714761,7.4705677244,0.9780137613,8.4393492638,0.0044381682,21.547274716,0.0957656654,28,0.0044444444,8,0,40.3823911933,138.7470481522,27.8507750292,54.4732053704,3.0434404694
rosa_villosa_recondita_C5,NA,1771,NR,1,1,NR118,NR,1,NR164,NR,1,NR159,NR,1,1,0,0,8.3847201832,29,1.6300090787,21.9887228494,0,25.5643966259,0,30,0,5,0,69.885345576,100.801509627,-2.522139081,-1.1589899214,36.0798355318
rosa_wichurana_C9,NA,1891,NR,1,1,NR69,NR,1,NR91,NR,1,NR85,NR,1,1,0,0,13.1978475872,29,3.5055600597,12.9350585096,0.005952381,16.8465582386,0.2323663205,20,0.0137931034,8,0,-93.8449159007,168.3867205595,-140.6023611567,18.9535027499,52.674015667
rose_edouard_D7,NA,1820,R,2,2.33,RF42,RF,3,R77,R,2,R93,R,2,2,-0.3386161536,0.4030047036,6.462575875,8.2772053348,2.6281713742,59.1305445494,0.2532467532,15.4253594477,4.6276078343,11,0.3,2,0,-84.8397212275,-92.3472647198,2.3129099321,-67.0444472266,-25.746890384
ruby_queen_H3,1901,1901,NA,NA,NA,NA,NA,NA,NA,NA,NA,NA,NA,NA,NA,NA,NA,NA,NA,NA,NA,NA,NA,NA,NA,NA,NA,NA,-49.6270115098,-65.82489039,48.9192334035,-115.148072633,-6.2946387401
safrano_H7,1839,1839,R,2,2.33,R3,R,2,R3,R,2,RF9,RF,3,3,-0.4863729212,0.6264064046,7.5269078483,14.4581221114,0.0811533002,1.8694740024,0.6923076923,2.8042110037,11.2168440147,10,4,7,0,-93.4354977192,-124.0744245739,71.8056162347,-78.5377119346,-5.4570953547
salet_C10,1854,1854,RF,3,3,RF9,RF,3,RF22,RF,3,RF25,RF,3,2,-0.4058516092,0.5005798636,7.1260155518,6.7916402823,1.7703614816,13.2507847974,0.2173913043,10.7025569518,1.1891729946,12,0.1111111111,1,1,-6.2494895512,-42.2032317873,38.9021482511,-68.8858341865,-6.6890530179
sidonie_F6,1845,1845,RF,3,2.66,RF44,RF,3,R2,R,2,RF6,RF,3,3,-0.5224090854,0.6860846829,7.2775773671,14.8260376934,1.0667992504,15.6269662536,0.4162303665,11.3523252605,11.7727817516,12,1.037037037,1,1,26.4341452342,48.9997599789,17.6427517098,-3.0027479528,-69.1290341357
sir_joseph_paxton_C1,1851,1851,RF,3,3,RF37,RF,3,RF62,RF,3,RF85,RF,3,4,-0.7238721639,1.0624037344,6.4667568183,18.2599092876,1.2853465723,18.676179436,0.075,8.4799949872,0.9085708915,22,0.1071428571,2,1,-176.8225813803,-111.7619230087,0.0165553471,-120.8191662672,-6.1795117386
south_orange_perfection_H2,1898,1898,NA,NA,NA,NA,NA,NA,NA,NA,NA,NA,NA,NA,NA,NA,NA,NA,NA,NA,NA,NA,NA,NA,NA,NA,NA,NA,-156.114443932,167.6036713493,-159.7485975636,-23.7362532301,45.216318124
souvenir_de_brod_B12,1886,1886,NR,1,1,NR144,NR,1,NR210,NR,1,NR213,NR,1,2,-0.2696916636,0.3095606033,6.585573434,2.6167115432,1.1032073287,7.4371730353,0,13.0763481939,0,30,0,4,0,-14.119037771,5.3478016468,10.6059626225,-36.4751121707,-35.7685902174
souvenir_de_la_reine_dangleterre_E7,1855,1855,NA,NA,NA,NA,NA,NA,NA,NA,NA,NA,NA,NA,NA,NA,NA,NA,NA,NA,NA,NA,NA,NA,NA,NA,NA,NA,-82.2700444467,-44.2437166762,43.8639661162,-96.7708456466,13.6291098929
souvenir_de_lucie_A3,1893,1893,NR,1,1,NR177,NR,1,NR181,NR,1,NR178,NR,1,1,0,0,6.778612217,29,1.6041645888,15.259692438,0,17.5248030343,0,30,0,4,0,-14.7183159221,-31.6913985784,53.1533413917,-59.1737015843,-14.5706406888
souvenir_de_philemon_cochet_F9,1899,1899,RF,3,3,RF17,RF,3,RF38,RF,3,RF51,RF,3,4,-0.9002525662,1.4602244021,5.8963965068,16.0033453601,0.1567760908,7.8936010641,0.3708920188,4.594782709,2.6508361783,12,0.5769230769,3,0,206.4884895318,-201.8493503816,-170.4534380377,13.2242943803,22.3415184747
stanwell_perpetual_D11,1835,1835,RF,3,3,RF15,RF,3,RF31,RF,3,RF39,RF,3,3,-0.8057942295,1.2384736549,5.3846985216,13.0030674063,0.4718522085,23.3749453392,0.5558375635,16.7297823071,17.9319223531,10,1.0718562874,2,1,-10.3501050558,19.514375204,23.1443543924,-55.0526764267,-8.6185887348
the_garland_D6,1835,1835,NR,1,1,NR47,NR,1,NR64,NR,1,NR65,NR,1,1,0,0,8.8720189147,29,0.9614642002,28.711743559,0,86.7008466384,0,30,0,6,0,-112.3304807101,74.1868327613,-65.4429856564,51.0537683574,-239.8983339401
tom_wood_D1,1896,1896,R,2,2.5,NA,NA,NA,R86,R,2,RF99,RF,3,3,-0.9162905488,1.4999995423,7.0028504672,9.4924024564,0.0811255358,2.6959294947,0.8,2.6959294947,2.6959294947,10,1,7,0,-112.5197299033,-71.0870580214,49.7490290463,-146.2920632402,-14.2560895377
toussaint_l_ouverture_H2,1849,1849,NR,1,1,NR186,NR,1,NR261,NR,1,NR266,NR,1,1,0,0,8.6917135662,29,0.7300340038,9.0024976692,0,16.9761384619,0,30,0,7,0,148.292102712,74.1000738284,70.597678316,5.2531793006,19.3697895966
triomphe_de_l_exposition_A8,1855,1855,R,2,2.33,R9,R,2,RF14,RF,3,R12,R,2,2,-0.2368069417,0.2671964514,6.4231109949,5.2543315728,1.234319888,12.0055932275,0.0828402367,10.921217065,0.8132821219,13,0.0744680851,3,0,-20.2836107272,-31.5946570068,59.4106485951,-72.7879647902,-16.5443110044
tuscany_superb_C10,1837,1837,NR,1,1,NA,NA,NA,NR113,NR,1,NR104,NR,1,2,-0.3920316723,0.4799845852,7.939913513,2.3900428228,0.4586277459,5.6395596231,0,7.2508623725,0,30,0,7,0,151.6113985255,69.1130606972,69.5566233171,6.4080498061,33.4173703355
una_G12,1898,1898,NR,1,1.33,NR174,NR,1,NR249,NR,1,R99,R,2,2,-0.0393526375,0.0401372104,6.3358655523,9.8099962934,0.4916788849,6.813668517,0.0362318841,10.6047322031,0.4610753132,13,0.0434782609,5,0,-77.2138112106,6.1434324852,61.4446387668,83.9704827822,15.2268996429
victor_verdier_H6,1859,1859,NA,NA,NA,NA,NA,NA,NA,NA,NA,NA,NA,NA,NA,NA,NA,NA,NA,NA,NA,NA,NA,NA,NA,NA,NA,NA,-24.9365438142,-51.6409797797,96.8830290944,-89.2051126847,54.6359053246
virago_C8,1887,1887,NR,1,1,NR22,NR,1,NR31,NR,1,NR29,NR,1,2,-0.4179559663,0.5188537922,6.4086497252,2.6903721948,1.2946424073,8.620759422,0,6.6444588431,0,30,0,4,0,65.8106716602,-28.6312690345,48.3102900334,-46.412628516,-6.5423139361
vivid_B5,1853,1853,NR,1,1,NR138,NR,1,NR200,NR,1,NR201,NR,1,1,0,0,7.1657385304,29,1.8220521155,4.6981708318,0,3.5501215684,0,30,0,5,0,-17.4446734417,-11.6673443078,32.4219817799,-63.2002333058,-24.7285016889
william_lobb_D10,1855,1855,NR,1,1,NA,NA,NA,NR112,NR,1,NR103,NR,1,1,0,0,7.7273393684,29,1.0953985244,7.9040459183,0,8.0777612132,0,30,0,6,0,-14.1805005375,33.5055144136,-15.5186253244,-65.0673553622,-32.2913072522
wodan_F5,1890,1890,R,2,1.66,R49,R,2,R64,R,2,NR214,NR,1,2,-0.1101220049,0.1164142702,7.0010291652,3.4304160473,1.0410097339,5.5077783076,0,4.9053650552,0,30,0,5,0,-78.0593905823,-8.9662284656,-40.6708044264,-69.828086844,4.0069620036
