Name,Accession_name,Height_mean,Height_sd,Height_NA_out_mean,Height_NA_out_sd,Circumference_mean,Circumference_sd,Circumference_NA_out_mean,Circumference_NA_out_sd,BLUP_height,BLUP_circ,Height_2012,Circumference_2012,Height_2013,Circumference_2013,Height_2014,Circumference_2014,PCo1,PCo2,PCo3,PCo4,PCo5
adam_F4,adam,231.6666666667,181.2686771986,127.5,24.7487373415,780,180.2775637732,780,180.2775637732,133.5679000837,785.2287436185,440,580,145,830,110,930,-202.6184496869,-83.6870111851,61.1038639915,145.130519885,27.7608808861
adam_messerich_A8,adam_messerich,185,7.0710678119,185,7.0710678119,730,56.5685424949,730,56.5685424949,185.1684349911,746.2202215126,190,770,NA,NA,180,690,-51.1563308714,-54.4692334194,56.4131567276,-15.0791835472,10.1349604312
adelaide_d_orleans_E10,adelaide_d_orleans,151.6666666667,16.0727512683,151.6666666667,16.0727512683,693.3333333333,110.1514109457,693.3333333333,110.1514109457,152.6964476364,701.0152700052,145,700,170,800,140,580,-142.1343959304,23.7552921767,44.713053249,-4.3713908244,22.8471221005
aennchen_von_tharau_A2,aennchen_von_tharau,130,18.0277563773,130,18.0277563773,603.3333333333,15.2752523165,603.3333333333,15.2752523165,132.1114107272,613.5628166375,145,590,135,620,110,600,-64.4359175272,-16.1663743105,-3.9889301892,-85.256792985,40.5122705685
aglaia_H10,aglaia,47.5,3.5355339059,47.5,3.5355339059,470,14.1421356237,470,14.1421356237,59.4125777263,477.0204120265,NA,NA,45,480,50,460,-165.9628182191,31.5256831544,-35.7680670187,122.7578041964,50.9063974126
agnes_A3,agnes,187.5,45.9619407771,187.5,45.9619407771,615,21.2132034356,615,21.2132034356,189.1843918517,615.949759172,NA,NA,220,630,155,600,184.2230588859,-154.0270933567,-134.4331405499,35.4198657658,23.8671516272
alberic_barbier_H5,alberic_barbier,70,56.5685424949,70,56.5685424949,210,70.7106781187,210,70.7106781187,80.2687621394,227.9057205932,NA,NA,30,260,110,160,-146.4102290436,25.0138158338,-24.0246161501,154.8993558515,49.9982295669
alfred_colomb_C3,alfred_colomb,116.6666666667,2.8867513459,116.6666666667,2.8867513459,226.6666666667,5.7735026919,226.6666666667,5.7735026919,119.4436957061,247.5581043949,120,220,115,230,115,230,-99.9636770875,-110.0149518455,25.0053055076,-117.2768666808,-5.4492218966
anna_maria_de_montravel_C9,anna_maria_de_montravel,102.5,3.5355339059,102.5,3.5355339059,440,42.4264068712,440,42.4264068712,110.394361847,448.2764091688,NA,NA,100,470,105,410,-179.2871992043,142.1521351215,-154.3697378386,-44.3108946263,60.6813736416
antonia_d_ormois_C12,antonia_d_ormois,105,22.9128784748,105,22.9128784748,466.6666666667,81.4452781525,466.6666666667,81.4452781525,108.3594450626,480.7646467088,125,430,110,560,80,410,137.7437471347,67.8694658472,59.6802231305,13.2469908936,9.4069642742
ayrshire_queen_G1,ayrshire_queen,206.6666666667,25.1661147842,206.6666666667,25.1661147842,696.6666666667,80.8290376865,696.6666666667,80.8290376865,204.9507720984,704.2542497596,230,610,210,710,180,770,-138.9991344876,-24.518259028,103.7225535389,25.5929342847,50.9513416935
bacchante_A5,bacchante,75,18.0277563773,75,18.0277563773,176.6666666667,25.1661147842,176.6666666667,25.1661147842,79.8570862652,198.9734080795,80,200,90,180,55,150,148.6877988619,78.8956269464,74.4930451463,9.388725016,34.8334622463
baron_de_wassenaer_D4,baron_de_wassenaer,60,21.2132034356,60,21.2132034356,205,49.4974746831,205,49.4974746831,70.9993468447,223.1150534503,NA,NA,75,240,45,170,34.8270472296,9.288689072,0.613487934,-56.2979026855,-38.5116761856
beau_narcisse_H5,beau_narcisse,85,35.3553390593,85,35.3553390593,360,0,360,0,94.1728850814,371.6257348816,NA,NA,110,360,60,360,6.3829106142,32.5379224204,48.9383684646,7.8531378454,32.0438161141
belle_de_baltimore_G5,belle_de_baltimore,116.6666666667,11.5470053838,116.6666666667,11.5470053838,358.3333333333,53.4633831078,358.3333333333,53.4633831078,119.4436957061,375.4978046921,130,325,110,330,110,420,-46.370964057,97.7267390444,-1.6056290005,59.4472983256,-148.4746297191
belle_helene_A7,belle_helene,95,22.9128784748,95,22.9128784748,196.6666666667,15.2752523165,196.6666666667,15.2752523165,98.8586587968,218.4072866056,100,200,115,210,70,180,148.3839434359,77.2611588841,73.297286646,8.6055382973,33.0370098554
belle_herminie_B10,belle_herminie,115,18.0277563773,115,18.0277563773,388.3333333333,27.5378527364,388.3333333333,27.5378527364,117.8602313284,404.6486224813,100,375,135,420,110,370,144.9301676946,85.6952522638,77.6035761479,9.5519577091,31.9864910745
belle_isis_F7,belle_isis,130,39.0512483795,130,39.0512483795,406.6666666667,41.6333199893,406.6666666667,41.6333199893,132.1114107272,422.4630111303,150,360,155,440,85,420,139.8289366697,91.2040273786,76.0682982695,12.3486870135,29.3043333632
belvedere_G8,belvedere,180,43.5889894354,180,43.5889894354,1226.6666666667,25.1661147842,1226.6666666667,25.1661147842,179.6153420563,1219.2520307027,230,1200,160,1230,150,1250,-76.3519874726,130.8225437345,-102.8359617424,56.5636230514,-57.1716291808
bijou_des_amateurs_A8,bijou_des_amateurs,53.3333333333,15.2752523165,53.3333333333,15.2752523165,175,15,175,15,59.2720493559,197.3539182023,40,175,70,160,50,190,147.3416965264,84.0259619689,78.4771916564,7.5911173135,33.4108538361
blanche_moreau_A9,blanche_moreau,110,NA,110,NA,330,NA,330,NA,125.7364888285,367.0008307229,NA,NA,NA,NA,110,330,153.0315293441,61.0050160537,61.5364998158,1.3264408917,31.0417079172
blanc_pur_G4,blanc_pur,146.6666666667,28.8675134595,146.6666666667,28.8675134595,363.3333333333,64.2910050733,363.3333333333,64.2910050733,147.9460545035,380.3562743236,130,290,180,410,130,390,-89.0531213765,-106.079852213,72.5739695733,68.4603116493,-38.6875102506
blush_damask_H1,blush_damask,191.6666666667,23.6290781313,191.6666666667,23.6290781313,913.3333333333,32.1455025366,913.3333333333,32.1455025366,190.6995926997,914.7879337929,210,900,200,890,165,950,155.4423176404,-13.7395700057,-7.3492834655,5.4757467161,-6.934541869
blush_hip_B3,blush_hip,221.6666666667,36.1708906904,221.6666666667,36.1708906904,850,166.4331697709,850,166.4331697709,219.2019514972,853.2473184601,245,780,240,730,180,1040,44.6725582576,24.2437700997,51.119863752,-9.0672952929,-1.6729713737
boula_de_nanteuil_A11,boula_de_nanteuil,70,10,70,10,143.3333333333,30.550504633,143.3333333333,30.550504633,75.1066931323,166.5836105359,80,170,70,150,60,110,149.528197373,77.3026616913,73.5386639958,8.7095653821,34.2159236299
bouquet_de_venus_D6,bouquet_de_venus,63.3333333333,11.5470053838,63.3333333333,11.5470053838,176.6666666667,30.550504633,176.6666666667,30.550504633,68.7728356217,198.9734080795,70,150,70,170,50,210,143.2546062951,87.1933009796,76.5833295985,9.9750634168,31.1618824828
camaieu_G12,camaieu,68.3333333333,16.0727512683,68.3333333333,16.0727512683,193.3333333333,28.8675134595,193.3333333333,28.8675134595,73.5232287546,215.1683068513,80,210,75,210,50,160,145.3760012436,84.794197952,75.8071768418,10.7651915244,32.2162989146
capitaine_basroger_C1,capitaine_basroger,108.3333333333,11.5470053838,108.3333333333,11.5470053838,385,62.6498204307,385,62.6498204307,111.5263738179,401.4096427269,115,450,115,380,95,325,-9.6409703009,-39.0188776137,78.1558559251,-36.9568411119,30.0774896456
caroline_banks_A12,caroline_bank,153.3333333333,32.1455025366,153.3333333333,32.1455025366,410,145.2583904633,410,145.2583904633,154.2799120141,425.7019908846,130,550,140,420,190,260,-93.7670718623,25.5087875745,-53.0031135206,-85.2716588562,17.7570828757
celine_F12,celine,151.6666666667,7.6376261583,151.6666666667,7.6376261583,546.6666666667,75.718777944,546.6666666667,75.718777944,152.6964476364,558.5001608134,150,600,160,580,145,460,-106.4983077772,-32.3700076422,-44.6809031428,-85.4473991763,-67.1071948491
champmey_pink_cluster_B1,NA,NA,NA,NA,NA,NA,NA,NA,NA,NA,NA,NA,NA,NA,NA,NA,NA,-176.6956868595,56.1279824162,-61.0803260743,-4.3593556818,-170.8127064299
charles_lawson_B4,charles_lawson,158.3333333333,30.550504633,158.3333333333,30.550504633,803.3333333333,351.3308032799,880,NA,159.030305147,876.1643643285,185,880,165,420,125,1110,-18.3485927783,-69.7651774033,66.2508710953,-75.6627755458,10.9659551497
charles_quint_B2,charles_quint,81.6666666667,20.8166599947,81.6666666667,20.8166599947,243.3333333333,5.7735026919,243.3333333333,5.7735026919,86.1909437757,263.7530031667,105,250,75,240,65,240,148.0193297961,74.2478012991,64.5437915802,12.9845822552,30.5009396221
chloris_F10,chloris,230,5,230,5,993.3333333333,83.2666399786,993.3333333333,83.2666399786,227.1192733854,992.5234478975,225,900,230,1060,235,1020,145.5297693833,6.9724318703,-14.8516113307,20.9061682861,19.0251400023
claire_jacquier_F8,claire_jacquier,198.3333333333,20.2072594216,198.3333333333,20.2072594216,583.3333333333,133.1665623696,583.3333333333,133.1665623696,197.0334502103,594.1289381113,210,470,210,730,175,550,-128.4170856786,-13.8461957942,10.0966256933,139.3906496408,-149.494956126
clementine_B4,clementine,95,5,95,5,273.3333333333,23.0940107676,273.3333333333,23.0940107676,98.8586587968,292.9038209559,90,260,95,260,100,300,136.9256351969,16.6214435856,19.7989959082,17.6094641693,-40.8728186625
clotilde_soupert_B11,clotilde_soupert,98.3333333333,2.8867513459,98.3333333333,2.8867513459,493.3333333333,47.2581562625,493.3333333333,47.2581562625,102.0255875521,506.6764847436,95,440,100,530,100,510,-172.2810272375,124.8043034594,-134.3969250838,27.7446278686,59.8640448298
comtesse_de_murinais_E10,comtesse_de_murinais,97.5,3.5355339059,97.5,3.5355339059,420,155.563491861,420,155.563491861,105.7596541997,429.113740597,NA,NA,100,530,95,310,145.3383323215,-15.7486668934,-1.3549350685,5.3256325688,-46.9593889856
corporal_johann_nagy_D10,corporal_johann_nagy,153.3333333333,37.859388972,153.3333333333,37.859388972,758.3333333333,35.472994423,758.3333333333,35.472994423,154.2799120141,764.1753752152,170,765,180,790,110,720,33.5114454476,47.1284873131,-22.2591358499,-56.4144950543,15.966927173
cramoisi_eblouissant_B6,cramoisi_eblouissant,83.3333333333,12.5830573921,83.3333333333,12.5830573921,273.3333333333,35.1188458428,273.3333333333,35.1188458428,87.7744081534,292.9038209559,85,270,95,310,70,240,143.4372728706,80.0495834365,67.6610825093,11.3418871616,29.6037128648
cramoisi_superieur_B7,NA,NA,NA,NA,NA,NA,NA,NA,NA,NA,NA,NA,NA,NA,NA,NA,NA,-234.5598777763,-6.0305326983,-12.2782833789,-16.9187766241,39.3501784944
creme_H3,creme,186.6666666667,16.0727512683,186.6666666667,16.0727512683,1096.6666666667,40.4145188433,1096.6666666667,40.4145188433,185.9491995668,1092.9318202827,205,1050,180,1120,175,1120,-34.1919635202,103.4083019275,-0.6329756694,67.5173157187,-136.2844795351
crimsom_rambler_B8,NA,NA,NA,NA,NA,NA,NA,NA,NA,NA,NA,NA,NA,NA,NA,NA,NA,-189.6426621457,162.6410869305,-171.3454542059,-53.6488992961,43.6687408462
crimson_globe_B3,crimson_globe,136.6666666667,23.6290781313,136.6666666667,23.6290781313,640,0,640,0,138.4452682377,649.1915939354,145,640,155,640,110,640,39.2057881783,0.3672783488,32.5575225043,-39.3846208289,7.4157051178
dawson_H1,dawson,236.6666666667,15.2752523165,236.6666666667,15.2752523165,810,130.7669683062,810,130.7669683062,233.4531308959,814.3795614078,250,660,240,900,220,870,-212.2285950718,125.265249108,-146.5194713021,-69.4039399671,46.7554812418
delille_B12,delille,68.3333333333,7.6376261583,68.3333333333,7.6376261583,130,43.5889894354,130,43.5889894354,73.5232287546,153.6276915185,70,150,75,160,60,80,35.323782048,10.2659799144,35.0435324929,-6.9734641236,-44.1179982424
desprez_a_fleur_jaune_B10,NA,NA,NA,NA,NA,NA,NA,NA,NA,NA,NA,NA,NA,NA,NA,NA,NA,-182.5912704899,-35.9165891907,18.0110455404,95.2732681005,-99.2552595851
deuil_de_paul_fontaine_B11,deuil_de_paul_fontaine,57.5,17.6776695297,57.5,17.6776695297,120,42.4264068712,120,42.4264068712,68.681993021,141.6737120201,NA,NA,70,150,45,90,18.1825920462,7.1432709499,48.6113940417,-40.5699511005,0.1694781787
dona_sol_A1,dona_sol,73.3333333333,7.6376261583,73.3333333333,7.6376261583,180,10,180,10,78.2736218875,202.2123878338,75,170,80,190,65,180,143.2999309006,82.0629079516,75.4988563826,11.1766316796,19.7069379244
duc_d_anjou_B12,duc_d_anjou,110,10,110,10,251.6666666667,41.932485418,251.6666666667,41.932485418,113.1098381955,271.8504525526,110,225,120,300,100,230,148.9254874487,71.7145938563,65.2930860003,9.8963343635,34.491368741
duc_de_cambridge_B6,duc_de_cambridge,151.6666666667,12.5830573921,151.6666666667,12.5830573921,790,50,790,50,152.6964476364,794.9456828816,150,740,140,840,165,790,35.7367542136,13.1593367627,3.622305498,-56.1758504381,-16.3276297058
duchesse_de_montebello_H7,duchesse_de_montebello,120,35.3553390593,120,35.3553390593,480,14.1421356237,480,14.1421356237,126.6158386127,486.6017463124,NA,NA,145,470,95,490,144.3417450089,81.3625768157,74.2006387942,9.4075953313,32.3010274457
duchesse_de_portland_C2,duchesse_de_portland,105,21.7944947177,105,21.7944947177,303.3333333333,5.7735026919,303.3333333333,5.7735026919,108.3594450626,322.0546387451,120,300,115,300,80,310,144.4936582512,18.7784378994,29.2169217098,-1.8740999261,-33.0882007426
duchesse_de_verneuil_A7,duchesse_de_verneuil,55,8.6602540378,55,8.6602540378,250,60,250,60,60.8555137335,270.2309626754,50,250,50,310,65,190,152.6316460387,56.2694852661,61.4751567265,2.1168346935,16.2797181284
duchesse_du_berry_C1,duchesse_de_berry,65,39.686269666,65,39.686269666,120,70,120,70,70.3562999994,143.9107522554,110,200,50,90,35,70,149.7515663949,76.6335716573,74.0035072892,7.9679177651,32.8794608498
enfant_de_france_B10,enfant_de_france,175,7.0710678119,175,7.0710678119,710,70.7106781187,710,70.7106781187,177.5976227334,706.972434888,NA,NA,180,760,170,660,30.1967534998,5.2240529351,80.2022551298,92.86258191,31.5773482148
ernest_morel_C3,ernest_morel,51.6666666667,15.2752523165,51.6666666667,15.2752523165,110,20,110,20,57.6885849783,134.1938129923,65,130,55,110,35,90,-90.2227598652,-117.6097713422,72.3495426766,-113.3455753813,12.6552048817
ernst_dorell_F11,ernst_dorell,146.6666666667,46.1880215352,146.6666666667,46.1880215352,783.3333333333,72.3417813807,783.3333333333,72.3417813807,147.9460545035,788.4677233729,200,700,120,820,120,830,-62.7826019723,82.1609575575,-45.3553855814,-64.098667659,-28.314664793
etoile_de_lyon_G11,etoile_de_lyon,80,0,80,0,175,35.3553390593,175,35.3553390593,89.538177434,194.3710505926,NA,NA,80,150,80,200,-203.4675157773,-146.3608260019,113.9790230556,179.3525290745,44.676537522
eugene_furst_C12,eugene_furst,61.6666666667,10.4083299973,61.6666666667,10.4083299973,106.6666666667,41.6333199893,106.6666666667,41.6333199893,67.1893712441,130.9548332379,65,140,70,120,50,60,-135.6887283193,-138.7577132328,65.4100715744,-145.2229324857,33.8053549196
euphrosine_G10,euphrosine,198.3333333333,29.2973263854,198.3333333333,29.2973263854,796.6666666667,49.3288286232,796.6666666667,49.3288286232,197.0334502103,801.4236423903,210,740,220,820,165,830,-201.5502011992,151.7333885432,-166.6097885686,-73.3209205909,46.2282974034
fatinitza_A3,fatinitza,166.6666666667,5.7735026919,166.6666666667,5.7735026919,763.3333333333,20.8166599947,763.3333333333,20.8166599947,166.9476270352,769.0338448467,160,780,170,770,170,740,-182.870950616,41.2749237692,-56.3080827276,67.8280802513,59.8997321402
francois_arago_C6,francois_arago,145,30.4138126515,145,30.4138126515,430,69.2820323028,430,69.2820323028,146.3625901259,445.1358694108,165,510,160,390,110,390,-131.0010370015,-125.9758325118,62.6356775994,-81.6655015356,31.4496236201
francois_foucard_C7,francois_foucard,198.3333333333,15.2752523165,198.3333333333,15.2752523165,1040,127.671453348,1040,127.671453348,197.0334502103,1037.8691644586,215,900,195,1150,185,1070,-167.4775629704,45.6750527031,-46.0716069804,135.2799271403,30.2139930115
fulgens_gallique_D1,fulgens_gallique,141.6666666667,22.5462487641,141.6666666667,22.5462487641,703.3333333333,23.0940107676,703.3333333333,23.0940107676,143.1956613706,710.7322092683,165,690,140,690,120,730,-42.7414312016,-6.9590818448,51.2584115681,30.4362726814,5.2513815284
gaspard_monge_B8,gaspard_monge,170,10,170,10,653.3333333333,125.0333288901,653.3333333333,125.0333288901,170.1145557904,662.1475129529,180,510,170,710,160,740,3.8182843625,20.7089675264,12.2673643716,-40.3586434712,-29.2338139672
geant_des_batailles_C8,NA,NA,NA,NA,NA,NA,NA,NA,NA,NA,NA,NA,NA,NA,NA,NA,NA,-120.1364757275,-77.2479109368,55.4035229652,-98.9539897392,19.9131991489
general_jacqueminot_C9,NA,NA,NA,NA,NA,NA,NA,NA,NA,NA,NA,NA,NA,NA,NA,NA,NA,-92.781672399,-104.0111561857,50.2488071013,-128.4759213199,4.6431774816
general_kleber_B7,general_kleber,101.6666666667,28.4312035154,101.6666666667,28.4312035154,293.3333333333,20.8166599947,293.3333333333,20.8166599947,105.1925163074,312.3376994821,125,300,110,310,70,270,144.6086766055,60.6581854666,52.8137959816,11.5283441443,16.8103569454
geschwind_s_orden_D9,geschwind_s_orden,188.3333333333,7.6376261583,188.3333333333,7.6376261583,740,40,740,40,187.5326639444,746.3609865662,195,700,180,780,190,740,33.848112825,-52.9673420554,-48.7759493098,-21.8908150272,-52.0727960647
gilda_A6,gilda,300,17.3205080757,300,17.3205080757,763.3333333333,126.6227994215,763.3333333333,126.6227994215,293.6247772461,769.0338448467,280,650,310,900,310,740,-20.0350063932,62.6121706122,-37.4351090732,-47.4608892475,24.6694925807
gloire_de_dijon_C11,NA,NA,NA,NA,NA,NA,NA,NA,NA,NA,NA,NA,NA,NA,NA,NA,NA,-104.6557732403,-65.1236775212,65.5890915918,67.6521788621,12.8776968335
gloire_de_ducher_C12,NA,NA,NA,NA,NA,NA,NA,NA,NA,NA,NA,NA,NA,NA,NA,NA,NA,-135.5488530573,-76.8975419709,44.3037049533,-106.1541808105,7.7334385867
gloire_des_rosomanes_D1,gloire_des_rosomanes,173.3333333333,20.8166599947,173.3333333333,20.8166599947,346.6666666667,45.0924975282,346.6666666667,45.0924975282,173.2814845457,364.1613755518,180,390,190,350,150,300,-88.9876196829,-52.3097979146,-22.5417223011,40.0656463189,-63.3659241602
himmelsauge_A12,himmelsauge,251.6666666667,36.8555739792,251.6666666667,36.8555739792,1096.6666666667,128.5820101466,1096.6666666667,128.5820101466,247.7043102946,1092.9318202827,280,950,265,1150,210,1190,-6.8035938761,138.0772759729,-65.3212506021,-24.9997618838,42.5961158826
hippolyte.D7,hippolyte,73.3333333333,20.8166599947,73.3333333333,20.8166599947,335,13.2287565553,335,13.2287565553,78.2736218875,352.8249464116,80,325,90,350,50,330,5.8967300009,78.1748895768,2.083093217,-24.2916782033,28.9167306553
horace_vernet.E7,horace_vernet,196.6666666667,2.8867513459,196.6666666667,2.8867513459,655,69.4622199472,655,69.4622199472,195.4499858326,663.7670028301,200,575,195,700,195,690,129.4446836438,21.0485896066,26.2348714664,4.9005958681,-56.9719043376
hovyn_de_tronchere_D3,hovyn_de_tronchere,160,NA,160,NA,260,NA,260,NA,168.9280555008,302.6266182837,NA,NA,NA,NA,160,260,-194.5153023447,-115.1143830519,92.6611182452,177.9040149805,39.1742512928
hume_s_blush_tea_scented_china_C7,hume_s_blush_tea_scented_china,90,20,90,20,258.3333333333,27.5378527364,258.3333333333,27.5378527364,94.1082656639,278.3284120613,110,285,90,260,70,230,-244.4056916941,-86.3033137298,49.2140461064,76.8277870869,49.6777994578
hybride_de_rosa_wichurana_H12,hybride_de_rosa_wichurana,NA,NA,NA,NA,NA,NA,NA,NA,NA,NA,NA,NA,NA,NA,NA,NA,-146.3629762121,157.7971304448,-145.1525705017,-14.3504772728,62.4998794639
imperatrice_josephine_E9,imperatrice_josephine,126.6666666667,5.7735026919,126.6666666667,5.7735026919,288.3333333333,59.2311854797,288.3333333333,59.2311854797,128.9444819719,307.4792298505,130,325,130,320,120,220,155.8534353813,19.5817827791,11.905907034,12.4923348254,18.3858585025
indigo_D3,indigo,111.6666666667,18.929694486,111.6666666667,18.929694486,466.6666666667,51.3160143945,466.6666666667,51.3160143945,114.6933025732,480.7646467088,120,510,125,480,90,410,147.2169452784,60.8868346795,60.7594479987,7.0468062538,9.9129913174
jacques_cartier_blanc_G1,jacques_cartier_blanc,121.6666666667,14.4337567297,121.6666666667,14.4337567297,293.3333333333,35.1188458428,293.3333333333,35.1188458428,124.194088839,312.3376994821,130,260,105,290,130,330,24.4821779237,76.9281095216,25.722664863,2.5313557604,-44.8864220677
janet_s_pride_D2,janet_s_pride,128.3333333333,25.6580071972,128.3333333333,25.6580071972,540,36.0555127546,540,36.0555127546,130.5279463495,552.0222013047,135,510,150,530,100,580,119.6509157805,94.0184749835,61.1537642494,23.411824654,21.6648796774
jean_bach_sisley_D4,jean_bach_sisley,125,10,125,10,440,45.8257569496,440,45.8257569496,127.3610175943,454.8528086739,125,450,135,390,115,480,-215.6964793901,-77.1234697827,43.2110608375,120.4710709701,46.5507723632
jeanne_d_arc_G2,jeanne_d_arc,91.6666666667,20.2072594216,91.6666666667,20.2072594216,406.6666666667,23.0940107676,406.6666666667,23.0940107676,95.6917300415,422.4630111303,110,420,95,420,70,380,-162.9380904758,144.3832897198,-149.5258646586,-13.0750107213,71.691686837
jenny_duval_G8,jenny_duval,76.6666666667,15.2752523165,76.6666666667,15.2752523165,296.6666666667,50.3322295685,296.6666666667,50.3322295685,81.4405506428,315.5766792364,90,250,80,290,60,350,148.0607440192,76.939186692,72.4964603426,8.8932439778,33.7470153763
jersey_beauty_F1,jersey_beauty,155,7.0710678119,155,7.0710678119,335,21.2132034356,335,21.2132034356,159.0587921441,347.6723991669,NA,NA,160,350,150,320,-136.9171886998,49.7747190462,-48.935049162,120.2522663586,47.5648361131
julie_de_mersan_C7,julie_de_mersan,141.6666666667,33.2916405924,141.6666666667,33.2916405924,500,56.5685424949,500,56.5685424949,143.1956613706,505.7644148842,150,NA,170,540,105,460,90.41111067,10.3550955725,69.6460342174,-42.8285039268,4.004817706
la_belle_distinguee_E1,la_belle_distinguee,90,5,90,5,353.3333333333,23.0940107676,353.3333333333,23.0940107676,94.1082656639,370.6393350605,90,340,95,380,85,340,156.5435162969,3.5335622965,2.1013871991,10.6895114347,15.031232612
la_biche_E6,la_biche,62.5,10.6066017178,62.5,10.6066017178,115,35.3553390593,115,35.3553390593,73.3167006684,136.8830448772,NA,NA,55,140,70,90,-208.5753525261,-85.62655094,40.3864217423,38.1279182895,36.3677770724
la_caille_A2,la_caille,138.3333333333,2.8867513459,138.3333333333,2.8867513459,646.6666666667,56.8624070308,646.6666666667,56.8624070308,140.0287326154,655.6695534442,140,600,140,710,135,630,32.1787020758,-22.049942237,37.2040099408,-63.3842104852,-3.3512526508
la_favorite_A10,la_favorite,160,8.6602540378,160,8.6602540378,465,37.7491721764,465,37.7491721764,160.6137695246,479.1451568316,155,500,155,470,170,425,-111.7238318116,-113.5927654069,75.5626990281,54.132082084,20.4799389432
la_france_D7,la_france,75,49.4974746831,75,49.4974746831,223.3333333333,156.3116545026,223.3333333333,156.3116545026,83.2048667498,244.3191246405,110,200,NA,390,40,80,-94.3456213601,-99.1490246098,55.1748225858,-7.1925090256,5.0340875066
lamotte_sanguin_D12,lamotte_sanguin,121.6666666667,11.5470053838,121.6666666667,11.5470053838,466.6666666667,73.7111479583,466.6666666667,73.7111479583,124.194088839,480.7646467088,115,410,135,550,115,440,-33.1266053557,-49.9977446218,65.626980674,-84.9674186462,-8.7619609167
la_noblesse_B2,la_noblesse,153.3333333333,7.6376261583,153.3333333333,7.6376261583,590,45.8257569496,590,45.8257569496,154.2799120141,600.6068976201,155,630,160,540,145,600,-8.8784310647,-42.4217728766,46.8731385326,-68.9885086491,7.9019407228
la_reine_D8,NA,NA,NA,NA,NA,NA,NA,NA,NA,NA,NA,NA,NA,NA,NA,NA,NA,-17.169789453,-24.7461643244,53.6528948061,-91.6015735976,6.2627255677
la_sirene_A9,la_sirene,168.3333333333,16.0727512683,168.3333333333,16.0727512683,756.6666666667,115.0362261782,756.6666666667,115.0362261782,168.5310914128,762.555885338,150,640,180,870,175,760,-100.3221990694,78.9163345761,-51.205415769,-61.2979081775,-24.4273028293
lea_F1,lea,95,21.2132034356,95,21.2132034356,315,106.066017178,315,106.066017178,94.4343897352,330.2632702555,80,240,110,390,NA,NA,127.3220054382,14.9356427899,14.904439068,13.3965028383,-55.0880169281
leda_E6,leda,85,5,85,5,310,36.0555127546,310,36.0555127546,89.357872531,328.5325982539,90,300,85,350,80,280,136.8273361723,28.1326984185,34.4734712565,5.0498877757,-45.0736147607
leuchtstern_G2,leuchtstern,228.3333333333,29.2973263854,228.3333333333,29.2973263854,943.3333333333,35.1188458428,943.3333333333,35.1188458428,225.5358090077,943.9387515822,240,980,250,940,195,910,-117.068988437,113.0128176235,-103.9781269596,19.5977195581,-108.0968500332
louis_lille_D9,louis_lille,32.5,3.5355339059,32.5,3.5355339059,80,14.1421356237,80,14.1421356237,45.5084547843,103.3483748766,NA,NA,35,90,30,70,149.0836630741,76.6700934529,71.9894420196,9.5847936987,33.9454973012
marguerite_de_roman_E12,marguerite_de_roman,48.3333333333,20.2072594216,48.3333333333,20.2072594216,126.6666666667,15.2752523165,126.6666666667,15.2752523165,54.521656223,150.3887117641,60,130,60,140,25,110,-28.4425947086,-1.5657778412,45.6647950587,-77.1263857744,-44.795019173
marie_dermar_G5,marie_dermar,226.6666666667,15.2752523165,226.6666666667,15.2752523165,680,20,680,20,223.9523446301,688.0593509878,240,700,230,660,210,680,-43.2870818595,-75.632043109,22.6235633938,-27.8127996258,-45.6066498464
maupertuis_H8,maupertuis,65,10,65,10,223.3333333333,70.2376916857,223.3333333333,70.2376916857,70.3562999994,244.3191246405,75,150,65,290,55,230,149.7510298604,75.5396806198,76.1983725782,-0.3403486713,19.2942887051
may_queen_D11,may_queen,220,14.1421356237,220,14.1421356237,1070,183.8477631085,1070,183.8477631085,219.3099915594,1051.9004691802,NA,NA,230,940,210,1200,-94.1567128939,17.3558786864,-44.4492415799,-6.8334269688,7.9493219745
mercedes_B1,mercedes,66.6666666667,20.8166599947,66.6666666667,20.8166599947,183.3333333333,5.7735026919,183.3333333333,5.7735026919,71.939764377,205.4513675882,90,180,50,190,60,180,151.2319845993,71.0560699185,64.7683842197,12.438033338,33.4324037901
minette_D8,minette,220,26.4575131106,220,26.4575131106,733.3333333333,120.1388086063,733.3333333333,120.1388086063,217.6184871195,739.8830270575,240,850,230,740,190,610,156.7693283835,-96.3499682925,-83.9435360884,22.099867515,-69.4595307246
miranda_F10,miranda,96.6666666667,15.2752523165,96.6666666667,15.2752523165,176.6666666667,41.6333199893,176.6666666667,41.6333199893,100.4421231744,198.9734080795,110,210,100,190,80,130,52.9102596492,13.1503514158,20.158795215,-2.5319909491,-30.480567125
mle_cecile_brunner_D12,mle_cecile_brunner,83.3333333333,23.0940107676,83.3333333333,23.0940107676,278.3333333333,40.7226390762,278.3333333333,40.7226390762,87.7744081534,297.7622905874,110,325,70,250,70,260,-164.4839804049,-36.7995398421,23.0085181809,152.8338149759,-101.6292943483
mme_a_meilland_climbing_E1,NA,NA,NA,NA,NA,NA,NA,NA,NA,NA,NA,NA,NA,NA,NA,NA,NA,-130.5839898913,-107.6541906974,84.3612405015,29.1202100272,7.4947179245
mme_antoine_mary_E3,mme_antoine_mari,140,0,140,0,375,49.4974746831,375,49.4974746831,145.1546692021,385.9977363105,NA,NA,140,410,140,340,-222.102483791,-113.2859429397,77.186695384,121.1643020395,15.3122117893
mme_de_la_roche_lambert_B7,mme_de_la_roche_lambert,163.3333333333,5.7735026919,163.3333333333,5.7735026919,353.3333333333,98.6576572463,353.3333333333,98.6576572463,163.7806982799,370.6393350605,170,420,160,400,160,240,88.6458291732,62.1202029534,73.4966582305,-10.1100746516,0.7437315404
mme_d_herbray_E4,mme_d_hebray,81.6666666667,25.1661147842,81.6666666667,25.1661147842,276.6666666667,30.550504633,276.6666666667,30.550504633,86.1909437757,296.1428007103,105,270,55,310,85,250,139.8460428871,89.7308915494,74.8010712574,11.8280335997,29.5604827349
mme_edouard_ory_D9,mme_edouard_ory,161.6666666667,17.5594229214,161.6666666667,17.5594229214,650,70,650,70,162.1972339023,658.9085331985,180,600,145,730,160,620,22.5331417225,35.2664745442,55.2200454646,-50.485152025,-15.7629949004
mme_emilie_charon_E5,mme_emilie_charron,105,0,105,0,373.3333333333,15.2752523165,373.3333333333,15.2752523165,108.3594450626,390.0732135867,105,390,105,360,105,370,-239.1279352565,-138.2075818255,103.5478690581,137.8086752434,67.9783395945
mme_ernest_calvat_F1,mme_ernest_calvat,NA,NA,NA,NA,NA,NA,NA,NA,NA,NA,NA,NA,NA,NA,NA,NA,-131.0335734958,-134.6367398518,56.6917629176,-38.8361596685,-8.8359359309
mme_e_veyrat_hermanos_G3,mme_e_veyrat_hermanos,150,14.1421356237,150,14.1421356237,590,42.4264068712,590,42.4264068712,154.4240844967,591.9964234572,NA,NA,140,620,160,560,-204.8173396568,-89.8854912774,66.7540889335,152.1680248863,17.6368878142
mme_hardy_B11,mme_hardy,166.6666666667,11.5470053838,166.6666666667,11.5470053838,506.6666666667,37.859388972,506.6666666667,37.859388972,166.9476270352,519.6324037611,180,550,160,490,160,480,120.1538104373,50.5518317656,37.82438926,15.4194757663,-42.4111253861
mme_lambard_E8,mme_lambard,186.6666666667,2.8867513459,186.6666666667,2.8867513459,456.6666666667,20.8166599947,456.6666666667,20.8166599947,185.9491995668,471.0477074457,190,440,185,450,185,480,-234.4290619789,-155.4211406882,119.3654604521,126.296469116,45.9064309998
mme_legras_de_st_germain_E7,mme_legras_de_st_germain,191.6666666667,17.5594229214,191.6666666667,17.5594229214,803.3333333333,105.0396750439,803.3333333333,105.0396750439,190.6995926997,807.9016018991,190,700,210,800,175,910,132.1885496837,57.2233684271,25.7219559193,27.8369554854,20.6300504014
mme_zoetmans_E12,mme_zoetmans,68.3333333333,12.5830573921,68.3333333333,12.5830573921,180,52.9150262213,180,52.9150262213,73.5232287546,202.2123878338,70,140,80,240,55,160,141.7711278559,74.5100642579,62.973504429,13.0581029365,30.9616331654
monsieur_cordeau_H6,monsieur_cordeau,53.3333333333,20.8166599947,53.3333333333,20.8166599947,95,57.6628129734,95,57.6628129734,59.2720493559,119.6184040977,70,75,60,160,30,50,-52.4567009137,-66.1463970141,60.3509362802,-128.0675042889,-14.8349734718
narrow_water_D3,narrow_water,140,10,140,10,533.3333333333,115.0362261782,533.3333333333,115.0362261782,141.612196993,545.5442417959,140,650,130,530,150,420,-175.2118836454,71.4809346548,-77.3676938012,-17.8024684289,-156.6899254551
nathalie_H4,nathalie,140,0,140,0,620,138.9244398945,620,138.9244398945,141.612196993,629.7577154093,140,460,140,710,140,690,-125.1074183575,-41.9337182556,10.6798201931,-18.1578558228,27.1386462655
oeillet_panache_G11,NA,NA,NA,NA,NA,NA,NA,NA,NA,NA,NA,NA,NA,NA,NA,NA,NA,130.6990328933,58.1123757624,59.7305464755,1.1574049346,20.773216035
old_blush_G12,old_blush,NA,NA,NA,NA,NA,NA,NA,NA,NA,NA,NA,NA,NA,NA,NA,NA,-287.9141306624,-71.4570680985,23.5071618352,-68.2761386771,51.4896981063
olivet_E2,olivet,121.6666666667,10.4083299973,121.6666666667,10.4083299973,620,10,620,10,124.194088839,629.7577154093,125,620,130,610,110,630,-57.2261700863,11.3225078905,11.0932407505,-52.4203241134,4.9877594819
panache_superbe_F3,NA,NA,NA,NA,NA,NA,NA,NA,NA,NA,NA,NA,NA,NA,NA,NA,NA,-42.1419939321,-22.1768343982,32.314820978,-71.8390594398,9.8158275841
paquerette_A2,paquerette,48.3333333333,5.7735026919,48.3333333333,5.7735026919,185,18.0277563773,185,18.0277563773,54.521656223,207.0708574654,45,190,55,200,45,165,-155.35535909,155.0690659103,-160.3999181403,-3.4273643877,68.0394712983
parks_yellow_tea_scented_china_C5,parks_yellow_tea_scented_china,211.6666666667,117.2959220661,211.6666666667,117.2959220661,1133.3333333333,73.7111479583,1133.3333333333,73.7111479583,209.7011652314,1128.5605975806,340,1050,185,1160,110,1190,-134.3726961565,-59.270941707,41.3249469222,148.4483781678,40.6333494511
pergolese_A5,pergolese,110,34.6410161514,110,34.6410161514,363.3333333333,32.1455025366,363.3333333333,32.1455025366,113.1098381955,380.3562743236,130,350,130,400,70,340,144.0062179394,75.4492432666,70.6165849261,12.9988945475,16.6750155007
perle_d_angers_F12,perle_d_angers,211.6666666667,18.929694486,211.6666666667,18.929694486,603.3333333333,47.2581562625,603.3333333333,47.2581562625,209.7011652314,613.5628166375,220,620,190,640,225,550,-79.132153146,-86.0393511302,41.2031213046,-108.1579594133,7.7154141275
persian_yellow_A1,persian_yellow,125,49.4974746831,125,49.4974746831,230,135.2774925847,230,135.2774925847,129.5519432231,250.7970841492,160,240,NA,90,90,360,157.465576544,-119.1574873608,-104.8176922747,44.1720261711,21.2514743773
petite_ecossaise_F5,petite_ecossaise,96.6666666667,5.7735026919,96.6666666667,5.7735026919,366.6666666667,96.0902353693,366.6666666667,96.0902353693,100.4421231744,383.595254078,100,350,100,470,90,280,193.6994482142,-169.4549714941,-145.0804328635,26.5777085293,19.2374331375
petite_lisette_E4,petite_lisette,173.3333333333,7.6376261583,173.3333333333,7.6376261583,683.3333333333,66.5832811848,683.3333333333,66.5832811848,173.2814845457,691.2983307421,180,760,175,650,165,640,123.0420736251,21.9161728387,18.6743468887,23.0237073863,-63.2461228181
pink_roamer_A4,pink_roamer,20,NA,20,NA,130,NA,130,NA,47.9916688182,183.074509468,NA,NA,NA,NA,20,130,-150.5398042635,161.0395322624,-151.9879520409,-32.5602445817,61.7083183642
pompon_blanc_parfait_G6,pompon_blanc_parfait,201.6666666667,11.5470053838,201.6666666667,11.5470053838,673.3333333333,68.0685928555,673.3333333333,68.0685928555,200.2003789655,681.581391479,195,650,195,750,215,620,28.6075610969,-34.1277931843,-65.7840581104,9.386775345,-76.4825170513
prince_frederic_D11,prince_frederic,77.5,3.5355339059,77.5,3.5355339059,325,7.0710678119,325,7.0710678119,87.2208236104,338.091064881,NA,NA,80,330,75,320,6.9228074304,86.892374344,11.6882761239,-6.2252687,20.414414492
provence_pink_C2,provence_pink,121.6666666667,7.6376261583,121.6666666667,7.6376261583,506.6666666667,30.550504633,506.6666666667,30.550504633,124.194088839,519.6324037611,120,480,130,540,115,500,124.2099418503,23.7722488768,22.9837595731,7.1849818982,-56.6137589989
provins_renoncule_F8,provins_renoncule,68.3333333333,23.6290781313,68.3333333333,23.6290781313,260,10,260,10,73.5232287546,279.9479019385,95,250,50,270,60,260,151.1540785035,27.4084484172,6.6043234365,19.696309842,24.1797098214
pucelle_de_lille_H8,pucelle_de_lille,141.6666666667,62.516664445,141.6666666667,62.516664445,296.6666666667,90.7377172588,296.6666666667,90.7377172588,143.1956613706,315.5766792364,170,230,185,260,70,400,146.8609420959,84.8430160348,79.046358838,8.3678041013,33.7305728563
quatre_saisons_blanc_mousseux_F3,quatre_saisons_blanc_mousseux,80,34.6410161514,80,34.6410161514,193.3333333333,66.5832811848,193.3333333333,66.5832811848,84.6074793981,215.1683068513,120,270,60,150,60,160,125.8494053045,-42.5374187625,-24.1280481855,12.6558242071,-113.7267674426
reine_des_centfeuilles_C3,reine_des_centfeuilles,153.3333333333,16.0727512683,153.3333333333,16.0727512683,763.3333333333,60.2771377334,763.3333333333,60.2771377334,154.2799120141,769.0338448467,165,700,160,820,135,770,115.2088047208,38.1855432467,37.047413469,15.4094369124,-72.9809440741
rene_andre_H11,rene_andre,201.6666666667,14.4337567297,201.6666666667,14.4337567297,970,36.0555127546,970,36.0555127546,200.2003789655,969.850589617,210,1000,185,980,210,930,-156.426404817,34.9603743653,-34.0155901528,118.896293196,65.7814936429
robert_le_diable_F12,robert_le_diable,78.3333333333,20.2072594216,78.3333333333,20.2072594216,243.3333333333,20.8166599947,243.3333333333,20.8166599947,83.0240150204,263.7530031667,90,220,90,260,55,250,149.6965249119,77.2948088494,74.4192374496,8.0595127322,34.2384005744
robusta_bourbon_C11,robusta_bourbon,145,10,145,10,530,108.1665382639,530,108.1665382639,146.3625901259,542.3052620416,135,650,155,500,145,440,-207.3112928104,-100.0581676853,2.7582640834,-112.4195714529,-23.3480664993
roi_des_pourpres_E11,roi_des_pourpres,96.6666666667,5.7735026919,96.6666666667,5.7735026919,256.6666666667,5.7735026919,256.6666666667,5.7735026919,100.4421231744,276.7089221841,100,260,100,260,90,250,139.3521547802,-68.0246628017,-74.2976729846,48.1405336428,-61.1668564162
rosa_albertii_G7,rosa_albertii,193.3333333333,45.0924975282,193.3333333333,45.0924975282,676.6666666667,83.2666399786,676.6666666667,83.2666399786,192.2830570774,684.8203712334,240,650,190,770,150,610,201.4786608006,-175.3986063886,-148.4436032193,20.6739543692,19.3345112475
rosa_arvensis_D8,rosa_arvensis,113.3333333333,5.7735026919,113.3333333333,5.7735026919,526.6666666667,77.6745346515,526.6666666667,77.6745346515,116.2767669508,539.0662822872,110,440,110,590,120,550,49.6941996491,146.576662321,41.6412948235,51.1263879611,6.7998076165
rosa_californica_E8,rosa_californica,190,20,190,20,603.3333333333,109.696551146,603.3333333333,109.696551146,189.1161283221,613.5628166375,190,690,210,480,170,640,-8.7897011423,-9.5223250828,-202.9980425929,-47.6733357727,34.6797103992
rosa_calocarpa_H10,rosa_calocarpa,155,5,155,5,383.3333333333,76.3762615826,383.3333333333,76.3762615826,155.8633763917,399.7901528498,150,300,160,450,155,400,203.6356184111,-195.4579017784,-166.9013680778,12.2993191759,21.0098684811
rosa_centiflora_rosae_G2,rosa_centifolia_rosea,125,5,125,5,303.3333333333,115.9022576714,303.3333333333,115.9022576714,127.3610175943,322.0546387451,120,360,130,380,125,170,43.2278853085,-25.5230770388,45.9700772483,-47.5827089096,-20.3989925615
rosa_chinensis_C8,rosa_chinensis,127.5,3.5355339059,127.5,3.5355339059,515,35.3553390593,515,35.3553390593,133.5679000837,520.136416313,NA,NA,130,490,125,540,-169.2829020569,177.3671488995,-183.4088639549,-48.6108395445,56.1731787104
rosa_chinensis_mutabilis_G3,NA,NA,NA,NA,NA,NA,NA,NA,NA,NA,NA,NA,NA,NA,NA,NA,NA,-188.8557737966,-62.4952352267,39.0298123203,47.9154315862,-33.3232882438
rosa_corymbifera_G6,NA,NA,NA,NA,NA,NA,NA,NA,NA,NA,NA,NA,NA,NA,NA,NA,NA,112.6291102216,16.5609431874,-44.609887923,43.7014247413,8.8566921074
rosa_cuspidata_G5,rosa_cuspidata,228.3333333333,12.5830573921,228.3333333333,12.5830573921,886.6666666667,142.2439219557,886.6666666667,142.2439219557,225.5358090077,888.876095758,230,1050,215,820,240,790,-123.7473416388,-74.7240452469,52.2481904023,-138.96828044,-11.040743462
rosa_damascena_bifera_yorklancaster_G8,NA,NA,NA,NA,NA,NA,NA,NA,NA,NA,NA,NA,NA,NA,NA,NA,NA,125.8931463717,-42.4817549702,-24.0774001328,12.8336197987,-114.3053187614
rosa_dupontii_A12,rosa_dupontii,272.5,24.7487373415,272.5,24.7487373415,970,70.7106781187,970,70.7106781187,267.9744218564,956.0871263212,NA,NA,290,920,255,1020,59.2944341142,58.6823288569,22.4707639976,59.7916080759,-140.5606507197
rosa_ferruginea_C11,rosa_ferruginea,141.6666666667,7.6376261583,141.6666666667,7.6376261583,461.6666666667,122.0996860493,461.6666666667,122.0996860493,143.1956613706,475.9061770772,140,325,150,560,135,500,205.4350833577,-189.9615275951,-159.2681551312,14.3315827814,17.635126056
rosa_fortiniana_de_banks_F3,rosa_fortiniana_de_banks,212.5,38.8908729653,212.5,38.8908729653,435,176.7766952966,435,176.7766952966,212.3579300884,443.4857420258,NA,NA,185,560,240,310,124.6542127231,-81.6993087374,-71.9917998515,49.7793180912,20.3502105815
rosa_gallica_C4,rosa_gallica,NA,NA,NA,NA,NA,NA,NA,NA,NA,NA,NA,NA,NA,NA,NA,NA,181.686415257,-147.7562360514,-128.7473696959,34.1727568211,20.7691412869
rosa_holikensis_G10,rosa_holikensis,175,15,175,15,426.6666666667,32.1455025366,426.6666666667,32.1455025366,174.8649489234,441.8968896564,160,450,190,440,175,390,191.6259442932,-166.4232309954,-143.6985368478,25.947529386,18.9093007982
rosa_iwara_A10,rosa_iwara,171.6666666667,17.5594229214,171.6666666667,17.5594229214,791.6666666667,101.0362971082,791.6666666667,101.0362971082,171.6980201681,796.5651727588,170,675,190,850,155,850,41.4514773379,-3.780686598,-199.3698890569,-7.6700162391,49.9327310587
rosa_majalis_H2,NA,NA,NA,NA,NA,NA,NA,NA,NA,NA,NA,NA,NA,NA,NA,NA,NA,208.3717203277,-198.2809420435,-166.7743144669,10.4406094496,16.7914418691
rosa_majalis_plena_H11,rosa_majalis_plena,NA,NA,NA,NA,NA,NA,NA,NA,NA,NA,NA,NA,NA,NA,NA,NA,207.6267605923,-204.1119262258,-171.4000830499,7.9709159195,18.3425938452
rosa_manetti_H4,rosa_manettii,155,35,155,35,408.3333333333,48.5626742811,408.3333333333,48.5626742811,155.8633763917,424.0825010075,190,450,120,420,155,355,-84.6573884508,-32.4079895966,-41.7516920288,-28.2606116257,-81.5853847241
rosa_maximowicziana_B9,rosa_maximowicziana,91.6666666667,17.5594229214,91.6666666667,17.5594229214,516.6666666667,61.1010092661,516.6666666667,61.1010092661,95.6917300415,529.3493430241,90,450,110,570,75,530,-50.3950996539,137.2198969462,-85.7743548743,37.1641389784,18.6276442064
rosa_minutifolia_alba_H5,NA,NA,NA,NA,NA,NA,NA,NA,NA,NA,NA,NA,NA,NA,NA,NA,NA,188.9359120761,-169.3476233082,-145.158752562,23.6412114791,21.6115426132
rosa_multiflora_carnea_D5,rosa_multiflora_carnea,217.5,17.6776695297,217.5,17.6776695297,1470,56.5685424949,1470,56.5685424949,216.9926377358,1435.153840616,NA,NA,205,1510,230,1430,-109.8100245905,118.1614222979,-103.8419038711,10.8176059456,-78.1300006321
rosa_pendulina_oxyodon_H9,rosa_pendulina_oxyodon,170,NA,170,NA,380,NA,380,NA,177.5663688353,412.9824110366,NA,NA,NA,NA,170,380,184.1996113989,-161.6471663509,-139.555095926,27.8002473167,19.5902059247
rosa_pendulina_pyrenaica_H7,rosa_pendulina_pyrenaica,210,30.4138126515,210,30.4138126515,781.6666666667,90.0462843949,781.6666666667,90.0462843949,208.1177008537,786.8482334957,230,785,225,870,175,690,193.9239465513,-165.5120061508,-144.4224354968,28.2506305643,21.5603985874
rosa_pimpinellifolia_double_white_F6,rosa_pimpinellifolia_double_white,75,15,75,15,318.3333333333,7.6376261583,318.3333333333,7.6376261583,79.8570862652,336.6300476398,90,325,75,310,60,320,177.4723455215,-141.5075838366,-123.8902058659,39.1486937062,22.5364159382
rosa_polliniana_A11,rosa_polliniana,111.6666666667,18.929694486,111.6666666667,18.929694486,510,43.5889894354,510,43.5889894354,114.6933025732,522.8713835154,125,460,120,540,90,530,121.746575194,91.3752908068,43.8367943387,34.1438416511,20.6020701994
rosa_rapini_E5,rosa_rapini,117.5,17.6776695297,117.5,17.6776695297,550,98.9949493661,550,98.9949493661,124.298484789,553.6710863136,NA,NA,130,620,105,480,166.2041934963,-125.4018374418,-115.9838124439,43.7085549554,24.1293437403
rosa_rubiginosa_gold_bush_H10,NA,NA,NA,NA,NA,NA,NA,NA,NA,NA,NA,NA,NA,NA,NA,NA,NA,-93.6001186747,-24.4244102167,-48.5142160712,6.0724966808,-6.5779825759
rosa_rubus_B8,rosa_rubus,102.5,3.5355339059,102.5,3.5355339059,495,91.9238815543,495,91.9238815543,110.394361847,500.9737477412,NA,NA,100,560,105,430,-52.7659277454,107.3601085881,-66.4998773289,55.5855689591,-22.6382411445
rosa_spectabilis_H12,rosa_spectabilis,170,NA,170,NA,460,NA,460,NA,177.5663688353,486.5529395385,NA,NA,NA,NA,170,460,-97.0899048326,100.9511122703,-18.7214734534,10.4573972137,-83.2934561316
rosa_subgallicodes_E3,rosa_subgallicodes,206.6666666667,20.8166599947,206.6666666667,20.8166599947,1436.6666666667,251.4623895006,1436.6666666667,251.4623895006,204.9507720984,1423.3077552273,190,1150,200,1540,230,1620,40.3823911933,138.7470481522,27.8507750292,54.4732053704,3.0434404694
rosa_villosa_recondita_C5,rosa_villosa_recondita,170,15,170,15,543.3333333333,35.1188458428,543.3333333333,35.1188458428,170.1145557904,555.261181059,170,580,185,540,155,510,69.885345576,100.801509627,-2.522139081,-1.1589899214,36.0798355318
rosa_wichurana_C9,rosa_wichurana,110,95.3939201417,110,95.3939201417,451.6666666667,201.3909961576,451.6666666667,201.3909961576,113.1098381955,466.1892378141,220,225,60,610,50,520,-93.8449159007,168.3867205595,-140.6023611567,18.9535027499,52.674015667
rose_edouard_D7,rose_edouard,98.3333333333,7.6376261583,98.3333333333,7.6376261583,243.3333333333,15.2752523165,243.3333333333,15.2752523165,102.0255875521,263.7530031667,90,240,105,230,100,260,-84.8397212275,-92.3472647198,2.3129099321,-67.0444472266,-25.746890384
ruby_queen_H3,ruby_queen,55,NA,55,NA,240,NA,240,NA,78.2257654889,284.2339861582,NA,NA,NA,NA,55,240,-49.6270115098,-65.82489039,48.9192334035,-115.148072633,-6.2946387401
safrano_H7,NA,NA,NA,NA,NA,NA,NA,NA,NA,NA,NA,NA,NA,NA,NA,NA,NA,-93.4354977192,-124.0744245739,71.8056162347,-78.5377119346,-5.4570953547
salet_C10,salet,141.6666666667,40.4145188433,141.6666666667,40.4145188433,456.6666666667,11.5470053838,456.6666666667,11.5470053838,143.1956613706,471.0477074457,165,450,165,470,95,450,-6.2494895512,-42.2032317873,38.9021482511,-68.8858341865,-6.6890530179
sidonie_F6,sidonie,142.5,3.5355339059,142.5,3.5355339059,430,14.1421356237,430,14.1421356237,147.4720230257,438.6950748829,NA,NA,140,440,145,420,26.4341452342,48.9997599789,17.6427517098,-3.0027479528,-69.1290341357
sir_joseph_paxton_C1,sir_joseph_paxton,135,8.6602540378,135,8.6602540378,583.3333333333,35.1188458428,583.3333333333,35.1188458428,136.8618038601,594.1289381113,140,620,140,580,125,550,-176.8225813803,-111.7619230087,0.0165553471,-120.8191662672,-6.1795117386
south_orange_perfection_H2,south_orange_perfection,35,NA,35,NA,190,NA,190,NA,60.9491388199,238.2524058445,NA,NA,NA,NA,35,190,-156.114443932,167.6036713493,-159.7485975636,-23.7362532301,45.216318124
souvenir_de_brod_B12,souvenir_de_brod,130,10,130,10,646.6666666667,83.2666399786,646.6666666667,83.2666399786,132.1114107272,655.6695534442,130,580,140,740,120,620,-14.119037771,5.3478016468,10.6059626225,-36.4751121707,-35.7685902174
souvenir_de_la_reine_dangleterre_E7,NA,NA,NA,NA,NA,NA,NA,NA,NA,NA,NA,NA,NA,NA,NA,NA,NA,-82.2700444467,-44.2437166762,43.8639661162,-96.7708456466,13.6291098929
souvenir_de_lucie_A3,souvenir_de_lucie,145,0,145,0,505,49.4974746831,505,49.4974746831,149.7893768494,510.5550820271,NA,NA,145,540,145,470,-14.7183159221,-31.6913985784,53.1533413917,-59.1737015843,-14.5706406888
souvenir_de_philemon_cochet_F9,souvenir_de_philemon_cochet,171.6666666667,7.6376261583,171.6666666667,7.6376261583,508.3333333333,52.0416499867,508.3333333333,52.0416499867,171.6980201681,521.2518936382,170,525,180,550,165,450,206.4884895318,-201.8493503816,-170.4534380377,13.2242943803,22.3415184747
stanwell_perpetual_D11,stanwell_perpetual,152.5,10.6066017178,152.5,10.6066017178,553.3333333333,50.3322295685,553.3333333333,50.3322295685,147.7335276795,564.9781203221,160,500,145,600,NA,560,-10.3501050558,19.514375204,23.1443543924,-55.0526764267,-8.6185887348
the_garland_D6,the_garland,216.6666666667,30.550504633,216.6666666667,30.550504633,926.6666666667,141.891977692,926.6666666667,141.891977692,214.4515583643,927.7438528104,210,800,250,900,190,1080,-112.3304807101,74.1868327613,-65.4429856564,51.0537683574,-239.8983339401
tom_wood_D1,tom_wood,57.5,24.7487373415,57.5,24.7487373415,90,14.1421356237,90,14.1421356237,68.681993021,112.9297091625,NA,NA,75,100,40,80,-112.5197299033,-71.0870580214,49.7490290463,-146.2920632402,-14.2560895377
toussaint_l_ouverture_H2,toussaint_l_ouverture,56.6666666667,20.2072594216,56.6666666667,20.2072594216,206.6666666667,25.1661147842,206.6666666667,25.1661147842,62.4389781112,228.1242258687,80,180,45,230,45,210,148.292102712,74.1000738284,70.597678316,5.2531793006,19.3697895966
triomphe_de_l_exposition_A8,triomphe_de_l_exposition,278.3333333333,246.086028318,170,NA,430,228.6919325206,430,228.6919325206,163.9430522973,445.1358694108,560,170,170,600,105,520,-20.2836107272,-31.5946570068,59.4106485951,-72.7879647902,-16.5443110044
tuscany_superb_C10,tuscany_superb,NA,NA,NA,NA,NA,NA,NA,NA,NA,NA,NA,NA,NA,NA,NA,NA,151.6113985255,69.1130606972,69.5566233171,6.4080498061,33.4173703355
una_G12,una,96.6666666667,12.5830573921,96.6666666667,12.5830573921,496.6666666667,80.8290376865,496.6666666667,80.8290376865,100.4421231744,509.915464498,95,450,110,450,85,590,-77.2138112106,6.1434324852,61.4446387668,83.9704827822,15.2268996429
victor_verdier_H6,NA,NA,NA,NA,NA,NA,NA,NA,NA,NA,NA,NA,NA,NA,NA,NA,NA,-24.9365438142,-51.6409797797,96.8830290944,-89.2051126847,54.6359053246
virago_C8,virago,156.6666666667,15.2752523165,156.6666666667,15.2752523165,640,91.6515138991,640,91.6515138991,157.4468407694,649.1915939354,140,540,170,720,160,660,65.8106716602,-28.6312690345,48.3102900334,-46.412628516,-6.5423139361
vivid_B5,vivid,156.6666666667,23.6290781313,156.6666666667,23.6290781313,783.3333333333,23.0940107676,783.3333333333,23.0940107676,157.4468407694,788.4677233729,175,810,165,770,130,770,-17.4446734417,-11.6673443078,32.4219817799,-63.2002333058,-24.7285016889
william_lobb_D10,william_lobb,147.5,3.5355339059,147.5,3.5355339059,560,282.8427124746,560,282.8427124746,152.1067306731,563.2524205995,NA,NA,150,760,145,360,-14.1805005375,33.5055144136,-15.5186253244,-65.0673553622,-32.2913072522
wodan_F5,wodan,125,5,125,5,396.6666666667,28.8675134595,396.6666666667,28.8675134595,127.3610175943,412.7460718672,120,430,125,380,130,380,-78.0593905823,-8.9662284656,-40.6708044264,-69.828086844,4.0069620036
